file,id,type,speaker,jp,current_english,suggested_english,notes,status
122_4_6.json,16,Dialog,,#Color[7]#Scale[1.8]デパート　１階　案内板前,#Color[7]#Scale[1.8]Lobby information desk!,,,
122_4_6.json,17,Dialog,,土曜日は、人が多いなあ……。,"There are so many people on
Saturdays...",,,
122_4_6.json,18,Dialog,,この人込みのなかを、あの無駄にキラキラした,"I'd rather not walk through this
crowd",,,
122_4_6.json,19,Dialog,,人たちと歩くのは、ちょっと遠慮したい。,with those overly sparkly people.,,,
122_4_6.json,20,Dialog,,……少し離れて歩こうかな？　できればだけど,...Maybe we should walk a bit apart?,,,
122_4_6.json,21,Dialog,,ね。,Unless you have a better idea.,,,
122_4_6.json,24,Dialog,,そろそろ時間だけど……。,It's almost time...,,,
122_4_6.json,41,Dialog,Tamaki,「ハルヒー！　待たせたか……、にゃ？」,Haruhi! Did I make you wait... nya?,,,
122_4_6.json,46,Dialog,Tamaki,「スカートじゃない……」,It's not a skirt...,,,
122_4_6.json,48,Dialog,Haruhi,「……会ったそばから人のカッコに文句つけな,"Stop criticizing people's
appearances",,,
122_4_6.json,49,Dialog,Haruhi,いでください」,right after meeting them...,,,
122_4_6.json,53,Dialog,Haruhi,いきなり失礼な人だなあ……。,What a rude person...,,,
122_4_6.json,55,Dialog,Haruhi,「あれ？　鏡夜先輩は一緒じゃないんですか？」,Hey? Where's Kyoya-senpai?,,,
122_4_6.json,67,Dialog,Tamaki,「鏡夜の家へ迎えに寄ったんだが――」,"I dropped by your house to pick you
up--",,,
122_4_6.json,71,Dialog,Tamaki,「鏡夜、鏡夜！　ほら、早く起きろ！　かわい,"Kyoya, Kyoya! Wake up! My princess",,,
122_4_6.json,72,Dialog,Tamaki,い娘が待っているぞ！」,is waiting for you!,,,
122_4_6.json,79,Dialog,Kyoya,「うるさい……」,Shut up...,,,
122_4_6.json,81,Dialog,Tamaki,「…………え？」,...Huh?,,,
122_4_6.json,90,Dialog,Kyoya,「行くと約束した覚えはない。行きたきゃ勝手,I never promised to go. If you,,,
122_4_6.json,91,Dialog,Kyoya,にしろ」,"want to, do it yourself.",,,
122_4_6.json,93,Dialog,Kyoya,#Scale[1.4]ドドーーーーーン！,#Scale[1.4]Doooooooooooon!,,,
122_4_6.json,96,Dialog,Kyoya,#Color[7]#Scale[1.8]怒りの魔王様,#Color[7]#Scale[1.8]Furious Demon Lord!,,,
122_4_6.json,98,Dialog,Tamaki,"#Pos[0,20]#Scale[1.4]　 「ヒイイイィィィィ！！」","#Pos[0,20]#Scale[1.4] ""HIIIIIIII!!!""",,,
122_4_6.json,107,Dialog,,なんとなく、予想はしてたけど……。,I kind of expected it...,,,
122_4_6.json,109,Dialog,Haruhi,「鏡夜先輩は来ないんですね？」,Kyoya-senpai isn't coming?,,,
122_4_6.json,117,Dialog,Tamaki,「うん……」,Right...,,,
122_4_6.json,118,Dialog,Tamaki,つまり、１人で環先輩の相手をしなくちゃいけ,"In other words, I have to deal with
Tama-chan",,,
122_4_6.json,119,Dialog,Tamaki,ないってことか……。疲れそうだなあ。,by myself... Sounds tiring.,,,
122_4_6.json,127,Dialog,Tamaki,「どうした、ハルヒ？　鏡夜がいないのは残念,"What's wrong, Haruhi? You might be
disappointed",,,
122_4_6.json,128,Dialog,Tamaki,かもしれないが、この俺がいるじゃないか！」,"that Kyoya's not here, but I am!",,,
122_4_6.json,130,Dialog,Haruhi,「あーはいはい、行きましょうか」,"Okay, let's go then.",,,
122_4_6.json,133,Dialog,Tamaki,「……え？　ま、待つのだハルヒ！,"...Huh? W-Wait, Haruhi!",,,
122_4_6.json,134,Dialog,Tamaki,お父さんを置いていかないで！」,Don't leave dad behind!,,,
122_4_6.json,140,Dialog,,…………やれやれ。,...Good grief.,,,
122_4_6.json,155,Dialog,,さて……。デパートといっても、特に目的があ,"Well... Since it's just a department
store",,,
122_4_6.json,156,Dialog,,るわけでもないし、どこに連れて行けばいいの,"and I don't have any specific
purpose",,,
122_4_6.json,157,Dialog,,かな。,"in mind, where should I take her?",,,
122_4_6.json,166,Dialog,,あ、そういえば物産展があるんだっけ。,"Oh, right. There's that festival
thing.",,,
122_4_6.json,168,Dialog,Haruhi,「先輩、見るところは物産展……」,"Senpai, we're here for the
festival...",,,
122_4_6.json,171,Dialog,Haruhi,…………あれ？,......Huh?,,,
122_4_6.json,173,Dialog,Haruhi,「環先輩！？」,Tamaki-senpai!?,,,
122_4_6.json,179,Dialog,Haruhi,ちょっと目を離したスキに、先輩は特売用のワ,I look away and sempai's standing,,,
122_4_6.json,180,Dialog,,ゴンの前に立っていた。,in front of the bargain wagon.,,,
122_4_6.json,182,Dialog,Tamaki,「ワゴンセール？　同じような洋服を無造作に,"A wagon sale? You mean piling up
similar",,,
122_4_6.json,183,Dialog,Tamaki,積むことか？　それとも……」,clothes haphazardly? Or...?,,,
122_4_6.json,191,Dialog,Haruhi,「先輩、あんまりウロウロしないでください。,"Don't wander around too much,
senpai.",,,
122_4_6.json,192,Dialog,Haruhi,人が多いんですから……」,There are so many people...」,,,
122_4_6.json,197,Dialog,Tamaki,「ハルヒ、いいところに！　見ろ、大変なこと,"Haruhi, good timing! Look, I've",,,
122_4_6.json,198,Dialog,Tamaki,がわかったぞ」,discovered something serious!,,,
122_4_6.json,200,Dialog,Tamaki,「４９８０円だった品物が２９８０円！　しか,4980 yen items are now 2980,,,
122_4_6.json,201,Dialog,Tamaki,もそれが、さらに９８０円にまで下がっている,yen! And they've dropped,,,
122_4_6.json,202,Dialog,Tamaki,とは……」,even further to 980 yen...,,,
122_4_6.json,207,Dialog,Tamaki,「恐るべき価格競争だ……」,Fearful price competition...,,,
122_4_6.json,209,Dialog,Haruhi,「はいはい、わかりましたから。ほら、こっ,"Okay, okay, I get it!",,,
122_4_6.json,210,Dialog,Haruhi,ち！」,Look over here!,,,
122_4_6.json,218,Dialog,Tamaki,「あっ、待てハルヒ！　あっちにも――」,"Wait, Haruhi! There's someone over
there too--!",,,
122_4_6.json,220,Dialog,Tamaki,まったく……。なんとかワゴンの前からは連れ,"Honestly... I managed to get him
away from the",,,
122_4_6.json,221,Dialog,Tamaki,出したけど、環先輩はとにかく落ち着きがない。,"cart, but Tama-chan is just so
restless.",,,
122_4_6.json,222,Dialog,Tamaki,あっちを見てはフラフラ、こっちを見ては立ち,"Looking left and right, stopping to",,,
122_4_6.json,223,Dialog,Tamaki,止まり……。好奇心いっぱいの子どもと同じだ。,stare... She's like a curious child.,,,
122_4_6.json,226,Dialog,Tamaki,「ハルヒハルヒ！　ここにある品物はすべて１,「Haruhi Haruhi! Everything,,,
122_4_6.json,227,Dialog,Tamaki,００円だぞ！！」,here is only 100 yen!!」,,,
122_4_6.json,230,Dialog,Tamaki,「そうだ、今日の記念にお父さんが何か買って,"That's right! Today I'll buy
something",,,
122_4_6.json,231,Dialog,Tamaki,あげる！　さあ、何でも好きなものを選びなさ,for my princess as a souvenir!,,,
122_4_6.json,232,Dialog,Tamaki,い！！」,"Come on, pick anything you like!!",,,
122_4_6.json,235,Dialog,Haruhi,「……結構です」,I'm good.,,,
122_4_6.json,236,Dialog,Haruhi,そんなことより、黙って歩いてくれた方がどれ,It's more important that,,,
122_4_6.json,237,Dialog,Haruhi,だけありがたいか。,you walk in silence.,,,
122_4_6.json,238,Dialog,Haruhi,しょうがない。このまま放っておいて、迷子に,Can't help it. It'd be troublesome,,,
122_4_6.json,239,Dialog,Haruhi,でもなられると面倒だし……。,if something happened to her...,,,
122_4_6.json,244,Dialog,Tamaki,「ん、どうした？」,"Hmm, what's up?",,,
122_4_6.json,247,Dialog,Tamaki,「そんなに急かさないでくれ」,Don't rush me so much.,,,
122_4_6.json,250,Dialog,Tamaki,「寝グセか？　寝グセなのか！？」,"Is that bedhead? Is it really
bedhead!?",,,
122_4_6.json,254,Dialog,Tamaki,「手をつないでくれるのか？」,Will you hold my hand?,,,
122_4_6.json,258,Dialog,Haruhi,「迷子になったら困るでしょう？　少しだけ、,"Don't worry, my princess. Just bear",,,
122_4_6.json,259,Dialog,Haruhi,ガマンしてくださいね」,with me for a little while.,,,
122_4_6.json,262,Dialog,Tamaki,「ガ、ガ、ガ、ガマンだなんて……。俺は……」,"G-, G-, G-, I can't hold it in... I
am...",,,
122_4_6.json,263,Dialog,Tamaki,環先輩は、顔を赤くしながら――。,"Takashi, your face is turning red--.",,,
122_4_6.json,265,Dialog,Tamaki,「お……」,O...,,,
122_4_6.json,266,Dialog,Tamaki,…………お？,Hm?,,,
122_4_6.json,268,Dialog,Tamaki,「お父さんが一緒だから、迷子になんてならな,"I'm with you, so there's no way",,,
122_4_6.json,269,Dialog,Tamaki,いぞ！　安心していいからな！！」,we'll get lost! You can relax!!,,,
122_4_6.json,270,Dialog,Tamaki,そう言いながら手を引くけど――。,"Saying that, he pulls my hand --.",,,
122_4_6.json,272,Dialog,Haruhi,「先輩、そっちはトイレですよ」,"Senpai, that way's the bathroom.",,,
122_4_6.json,275,Dialog,Tamaki,「へ……！？」,Huh...!?,,,
122_4_6.json,276,Dialog,Tamaki,ぜんぜん安心できないんですけど……。,I can't relax at all...,,,
122_4_6.json,278,Dialog,Haruhi,「さ、行きましょう」,Let's go.,,,
122_4_6.json,280,Dialog,Tamaki,「…………うん」,...Yeah.,,,
122_4_6.json,281,Dialog,Tamaki,手をぎゅっと握りなおすと、環先輩は恥ずかし,"After squeezing my hand again,
Tamaki-senpai",,,
122_4_6.json,282,Dialog,Tamaki,そうだったけど、小さくうなずいた。,"looked embarrassed but nodded
slightly.",,,
122_4_6.json,283,Dialog,Tamaki,最初からこうしてれば良かった。,"I should have done this from the
start.",,,
122_4_6.json,289,Dialog,,#Color[7]#Scale[1.8]地方物産展,#Color[7]#Scale[1.8]Local Products Fair,,,
122_4_6.json,296,Dialog,Tamaki,「ここが物産展か……！　すごいなー、まるで,"This is the festival...! Wow,",,,
122_4_6.json,297,Dialog,Tamaki,お祭りのようではないか！！」,it's just like a carnival!!,,,
122_4_6.json,298,Dialog,Tamaki,物産展の会場に入ると、環先輩は子どもみたい,"As we enter the fair venue,
Tama-chan",,,
122_4_6.json,299,Dialog,Tamaki,に声を上げた。,exclaims like a child.,,,
122_4_6.json,307,Dialog,Tamaki,「行くぞハルヒ！　いざ出陣だ！！」,"Let's go, Haruhi! Time to sortie!!",,,
122_4_6.json,309,Dialog,Haruhi,「……ハイハイ」,Fine...,,,
122_4_6.json,311,Dialog,Haruhi,どこの戦場に向かうのやら……。,"I wonder which battlefield I'm
heading to...",,,
122_4_6.json,313,Dialog,Clerk,「カッコイイおにーさん、試食はいかが？」,「Cool big bro~ try some samples?」,,,
122_4_6.json,319,Dialog,Clerk,環先輩はお店の前を通るたびに、店員さんから,"Every time Tama-chan passes by the
store,",,,
122_4_6.json,320,Dialog,,声をかけられ、そのたび試食をすすめられる。,"the staff greets him and offers
samples.",,,
122_4_6.json,329,Dialog,Tamaki,「とてもおいしい。……きっと、手渡してくれ,"It's delicious... It must be your
love",,,
122_4_6.json,330,Dialog,Tamaki,たあなたの愛が、このカマボコの味をよりひき,"that you handed it to me with that
makes",,,
122_4_6.json,331,Dialog,Tamaki,たててくれているんでしょうね」,this kamaboko taste even better.,,,
122_4_6.json,333,Dialog,Clerk,「あら、いやだ……」,"Eww, no...",,,
122_4_6.json,334,Dialog,Clerk,そんなことをしているかと思えば――。,"I thought you were doing something
like that--.",,,
122_4_6.json,342,Dialog,Tamaki,「ん？　豆のつかみ取り！？　ハルヒ、行こ,Hmm? Bean toss?!,,,
122_4_6.json,343,Dialog,Tamaki,う！」,"Let's go, Haruhi!",,,
122_4_6.json,345,Dialog,Tamaki,バラバラバラ……。,Blo--om...,,,
122_4_6.json,353,Dialog,Tamaki,「うわあああっ！？　豆が、豆がああっ！」,「Ahhhhh!? The beans! The beans!」,,,
122_4_6.json,354,Dialog,Tamaki,……やると思った。,...I knew it.,,,
122_4_6.json,359,Dialog,Haruhi,「先輩……、少し落ち着いてください」,"Calm down, senpai...",,,
122_4_6.json,367,Dialog,Tamaki,「俺の手は、豆をつかむには向かないのだろう,My hands aren't good for picking,,,
122_4_6.json,368,Dialog,Tamaki,か……。ご婦人方はあんなにも手にしていると,up beans... Even though,,,
122_4_6.json,369,Dialog,Tamaki,いうのに」,ladies do it all the time.,,,
122_4_6.json,371,Dialog,Haruhi,「向いてるとか向いてないとかじゃないと思い,I don't think it's about,,,
122_4_6.json,372,Dialog,Haruhi,ますけどね」,being suited or not.,,,
122_4_6.json,377,Dialog,Tamaki,「あ！　向こうでも――」,Hey! They're over there--,,,
122_4_6.json,380,Dialog,Haruhi,「た、環先輩！？」,T-Tamaki-senpai!?,,,
122_4_6.json,381,Dialog,Haruhi,…………なんだか殿様に振り回されるお付きに,I feel like I'm being bossed,,,
122_4_6.json,382,Dialog,Haruhi,なってる気がしてきた。,around by some samurai.,,,
122_4_6.json,383,Dialog,Haruhi,そのあともずっとあの調子――。結局１フロア,That's how it went on... In the,,,
122_4_6.json,384,Dialog,Haruhi,を歩くだけなのに、２時間以上もかかってしまっ,"end, we spent more than two",,,
122_4_6.json,385,Dialog,Haruhi,た。,hours just walking one floor.,,,
122_4_6.json,387,Dialog,,さすがに疲れた……。,I'm getting tired...,,,
122_4_6.json,394,Dialog,Tamaki,「どうしたハルヒ。まだまだこれからだぞ？」,"What's wrong, Haruhi? We still have
a long way to go.",,,
122_4_6.json,396,Dialog,Haruhi,「まだですか？　自分はもう疲れました」,Are you still going? I'm tired.,,,
122_4_6.json,401,Dialog,Tamaki,「もしかして！　俺のせいか！？」,Could it be!? Because of me!?,,,
122_4_6.json,403,Dialog,Haruhi,「もしかしなくても、環先輩以外に誰もいませ,"Maybe it's just me, but no one",,,
122_4_6.json,404,Dialog,Haruhi,ん」,else is here except Tama-chan.,,,
122_4_6.json,409,Dialog,Tamaki,「そうか……。気づけなかった俺を、許しておく,"Oh... Forgive me for not realizing
it sooner...",,,
122_4_6.json,410,Dialog,Tamaki,れ……。では、どこかレストランにでも――」,"Then, shall we go to a restaurant
somewhere--",,,
122_4_6.json,412,Dialog,Haruhi,「あれだけ試食をすれば充分です」,That's enough tasting.,,,
122_4_6.json,420,Dialog,Tamaki,「それならカフェはどうかにゃ？」,How about the cafe? nya?,,,
122_4_6.json,422,Dialog,Tamaki,お茶を飲むなら、屋上に行くかレストラン街で,"If you want to drink tea, go to the
roof",,,
122_4_6.json,423,Dialog,Tamaki,落ち着いてゆっくりするかだね。,or relax in the restaurant district.,,,
122_4_6.json,424,Dialog,Tamaki,でも確か、レストラン街の喫茶店は高かったよ,"But I think the cafe in the
restaurant",,,
122_4_6.json,425,Dialog,Tamaki,うな気がする。,district was expensive.,,,
122_4_6.json,432,Dialog,Tamaki,「……もう、…………帰る？」,...Are you...going home?,,,
122_4_6.json,434,Dialog,Haruhi,「まだ時間もありますから、屋上に――、って。,"Since we still have time, let's go
to the roof--,",,,
122_4_6.json,435,Dialog,Haruhi,聞いてます？　環先輩」,"Are you listening, Tamaki-senpai?",,,
122_4_6.json,436,Dialog,Haruhi,環先輩は、少し離れたキッズコーナーをじっと,"Takashi was staring at the kids'
corner",,,
122_4_6.json,437,Dialog,Haruhi,見つめていた。そこでは、子どもたちが楽しそ,a little ways away. The children,,,
122_4_6.json,438,Dialog,Haruhi,うに遊んでいる。,there were having fun playing.,,,
122_4_6.json,444,Dialog,Haruhi,「一緒に遊びたいなら、行ってきてもいいです,Come on if you want to play,,,
122_4_6.json,445,Dialog,Haruhi,よ。自分はここで待ってますから」,with me. I'll wait here.,,,
122_4_6.json,450,Dialog,Tamaki,「……いや。ハルヒも昔はあんなふうに遊んで,...No. I thought Haruhi used,,,
122_4_6.json,451,Dialog,Tamaki,いたのかと思っていた」,to play like that too.,,,
122_4_6.json,452,Dialog,Tamaki,キッズコーナーに目を向けたまま、独り言のよ,Muttering to myself while staring,,,
122_4_6.json,453,Dialog,Tamaki,うにつぶやく。,at the kids' corner.,,,
122_4_6.json,461,Dialog,Tamaki,「小さい頃にハルヒと出会っていたら、一緒に,"If I had met Haruhi when we were
younger,",,,
122_4_6.json,462,Dialog,Tamaki,遊んでみたかったな」,I wanted to play with her.,,,
122_4_6.json,463,Dialog,Tamaki,そういえば、環先輩は――。,"Speaking of which, Tama-chan...",,,
122_4_6.json,465,Dialog,Tamaki,……お母さんが病気がちで、あまり外で遊べな,"...She said you couldn't play
outside",,,
122_4_6.json,466,Dialog,Tamaki,かったっていってたよね。,"much because your mom was sick,
right?",,,
122_4_6.json,469,Dialog,Haruhi,「今だって、変わらないじゃないですか」,You haven't changed at all.,,,
122_4_6.json,474,Dialog,Tamaki,「え？」,Huh?,,,
122_4_6.json,476,Dialog,Haruhi,「今日は２人だけでしたけど、いつもはみんな,"It's just the two of us today, but",,,
122_4_6.json,477,Dialog,Haruhi,一緒ですからね」,usually everyone's together.,,,
122_4_6.json,482,Dialog,Tamaki,「――そうだな。次は、みんなで来よう」,"That's right. Let's all come next
time.",,,
122_4_6.json,484,Dialog,Haruhi,「え！？　いや、それは――」,"Wh-what!? No, that's not--",,,
122_4_6.json,492,Dialog,Tamaki,「うん！　そうだ。部が再開したら、みんなで,Okay! When the club starts up,,,
122_4_6.json,493,Dialog,Tamaki,遊びに来よう！！」,"again, let's all come play!!",,,
122_4_6.json,495,Dialog,Tamaki,ここに光や馨たちが増えたらって考えるだけで,Just thinking about Hikaru and Kaoru,,,
122_4_6.json,496,Dialog,Tamaki,も疲れる……。,joining us here wears me out...,,,
122_4_6.json,497,Dialog,Tamaki,まあ、楽しくないかと言われたら……。そうで,"Well, if you ask me if it's fun...
It isn't",,,
122_4_6.json,498,Dialog,Tamaki,もないんだけど。考えるのはまた今度にしよう。,"really. I'll think about it another
time.",,,
122_4_6.json,505,Dialog,Haruhi,「環先輩――」,Tamaki-senpai--,,,
122_4_6.json,506,Dialog,Haruhi,ピリリリリリリリリリリ。,Beep-beep-beep!,,,
122_4_6.json,511,Dialog,Tamaki,「……すまない、ちょっと」,"...Sorry, just a moment.",,,
122_4_6.json,512,Dialog,Tamaki,どうぞ、と手振りで環先輩をうながす。,"I gesture for Tama-chan to come
over.",,,
122_4_6.json,520,Dialog,Tamaki,「もしもし、鏡夜？」,Hello? Kyoya?,,,
122_4_6.json,522,Dialog,Tamaki,鏡夜先輩から？　もしかして、これから来たり,From Kyoya-senpai? Could,,,
122_4_6.json,523,Dialog,Tamaki,するのかな。,he be coming here soon?,,,
122_4_6.json,525,Dialog,Tamaki,「……それは……、どうしてそんな……」,"...Why would you... do something
like that...",,,
122_4_6.json,527,Dialog,Tamaki,でも、環先輩の様子からはそんなふうには見え,But that's not how you,,,
122_4_6.json,528,Dialog,Tamaki,ない。,"seem, Tamaki-senpai.",,,
122_4_6.json,530,Dialog,Tamaki,「わかった。……すぐに行く」,Got it... I'll be right there.,,,
122_4_6.json,537,Dialog,Haruhi,「……何かあったんですか？」,Is something wrong?,,,
122_4_6.json,542,Dialog,Tamaki,「鏡夜からだったんだが……、来週からホスト,"""It seems like the Host Club's
temporary suspension",,,
122_4_6.json,543,Dialog,Tamaki,部の一時活動停止が解けるらしい」,"will be lifted next week,"" Kyoya
said.",,,
122_4_6.json,546,Dialog,Haruhi,「それ……、いいことですよね」,"That's... great, isn't it?",,,
122_4_6.json,547,Dialog,Haruhi,それなのに、環先輩の表情は暗い。,But Suoh's expression is dark.,,,
122_4_6.json,549,Dialog,Haruhi,「他に何かあったんですね？」,Is there something else?,,,
122_4_6.json,557,Dialog,Tamaki,「……処分を解いて存続させる代わりに、理事,"...Instead of dissolving it,",,,
122_4_6.json,558,Dialog,Tamaki,長が、交代になるかもしれないそうだ」,the principal might change.,,,
122_4_6.json,559,Dialog,Tamaki,理事長が交代って……、どうしてそんな……。,"The chairman changed...? Why would
he do something like that...?",,,
122_4_6.json,567,Dialog,Tamaki,「……大丈夫だよ、ハルヒ。理事長の交代は、,"...It's okay, Haruhi. The chairman",,,
122_4_6.json,568,Dialog,Tamaki,まだ決定したわけじゃない」,hasn't been replaced yet.,,,
122_4_6.json,570,Dialog,Haruhi,「でも……」,But...,,,
122_4_6.json,575,Dialog,Tamaki,「とにかく、俺は鏡夜にくわしい話を聞いてく,I'll go ask Kyoya all about,,,
122_4_6.json,576,Dialog,Tamaki,る。ハルヒはこのまま――」,"it. Haruhi, you stay here--",,,
122_4_6.json,578,Dialog,Haruhi,「自分も行きます！」,「I'm going too!」,,,
122_4_6.json,586,Dialog,Tamaki,「……すまないが、俺たちに任せてくれ」,"Sorry, but leave it to us.",,,
122_4_6.json,587,Dialog,Tamaki,環先輩は、自分から目をそらしてつぶやく。い,"Takashi looks away and mutters to
himself.",,,
122_4_6.json,588,Dialog,Tamaki,つもなら真っ直ぐに見つめるのに……。,He usually meets my gaze directly...,,,
122_4_6.json,589,Dialog,Tamaki,すごく気になるけど……、ムリは言えない。,"I'm really curious... but I can't
ask.",,,
122_4_6.json,591,Dialog,Haruhi,「……わかりました。でも、ちゃんと説明して,I see... But explain,,,
122_4_6.json,592,Dialog,Haruhi,くださいね」,everything clearly.,,,
122_4_6.json,600,Dialog,Tamaki,「わかってる。……それじゃあ、気をつけて」,I know. ...Be careful.,,,
122_4_6.json,603,Dialog,Tamaki,さすがの環先輩も、いつもの余裕をなくしてし,Even Ringo-sempai seemed to,,,
122_4_6.json,604,Dialog,Tamaki,まっているように見えた。,lose his usual composure.,,,
122_4_6.json,605,Dialog,Tamaki,大丈夫なのかな、本当に……。,I wonder if it's really okay...,,,
122_4_6.json,611,Dialog,Kyoya,「時間通りだな」,On time as usual.,,,
122_4_6.json,618,Dialog,Haruhi,「鏡夜先輩。……あれ？　おひとりですか？」,Kyoya-senpai... Oh? Are you alone?,,,
122_4_6.json,619,Dialog,Haruhi,てっきり環先輩と２人で来るとばかり思ってた,"I thought for sure Tama-chan and I
would be",,,
122_4_6.json,620,Dialog,Haruhi,んだけど、どこにもその姿は見当たらない。,"coming alone, but I don't see him
anywhere.",,,
122_4_6.json,624,Dialog,Haruhi,鏡夜先輩は軽いため息をつくと、あきれたよう,Kyoya-senpai let out a light sigh,,,
122_4_6.json,625,Dialog,,につぶやいた。,and muttered in exasperation.,,,
122_4_6.json,630,Dialog,Kyoya,「あのバカ……。自分で予定を立てておきなが,That idiot... He made plans himself,,,
122_4_6.json,631,Dialog,Kyoya,ら、用事を忘れていたらしい」,but apparently forgot about them.,,,
122_4_6.json,632,Dialog,Kyoya,鏡夜先輩の話によると、張り切って迎えに来た,"According to Kyoya-senpai,
Tamaki-senpai was",,,
122_4_6.json,633,Dialog,Kyoya,環先輩は、それはもう大騒ぎだったらしい。,"in a real frenzy when he came to
pick us up.",,,
122_4_6.json,634,Dialog,Kyoya,あまりの騒がしさに、鏡夜先輩がしかたなく,"Just as Kyoya-senpai reluctantly
tried",,,
122_4_6.json,635,Dialog,Kyoya,起きようとしたとき――。,"to get up because of all the
noise--.",,,
122_4_6.json,636,Dialog,Kyoya,家の用事をすっかり忘れていた環先輩を、メイ,"The maids brought Tama-chan home
because he",,,
122_4_6.json,637,Dialog,,ドさんたちが家に連れ帰ってしまったのだとか。,"had completely forgotten about his
chores.",,,
122_4_6.json,646,Dialog,Tamaki,「離してくれ！　俺には大事な約束があるの,Let go of me! I have an important,,,
122_4_6.json,647,Dialog,Tamaki,だ！！　いやだああああーー！！」,promise to keep!! Noooooo!!!,,,
122_4_6.json,655,Dialog,Tamaki,「鏡夜、言ってやってくれ！　今日の用事がい,"Kyoya, tell her how important",,,
122_4_6.json,656,Dialog,Tamaki,かに大切であるか！」,today's errand is!,,,
122_4_6.json,665,Dialog,Kyoya,「…………いや、大した用じゃないな」,"...Nah, it's not that important.",,,
122_4_6.json,671,Dialog,Tamaki,"#Pos[0,20]#Scale[1.4]「きょーーーやーーーーーっ！！」","#Pos[0,20]#Scale[1.4]「Kyoya!!!」",,,
122_4_6.json,674,Dialog,Tamaki,「帰りたくないよーー！　ハルヒ〜〜〜！！,"I don't wanna go home--!!
Haruhi~~~!!",,,
122_4_6.json,675,Dialog,Tamaki,うわああああ…………」,Uwaaaaaaaaa......」,,,
122_4_6.json,683,Dialog,,環先輩の様子が目に浮かぶ。,"I can picture Tamaki-senpai's
expression.",,,
122_4_6.json,688,Dialog,Kyoya,「俺としては、そのまま約束自体をなかったこ,I could have just pretended the,,,
122_4_6.json,689,Dialog,Kyoya,とにしても良かったんだが……」,whole thing never happened...,,,
122_4_6.json,694,Dialog,Kyoya,「さすがに、涙を流しながら、娘を頼むと絶叫,I can't scream at you to take care,,,
122_4_6.json,695,Dialog,Kyoya,されてはな……」,of my daughter while crying...,,,
122_4_6.json,696,Dialog,Kyoya,環先輩の涙の１割くらいは、鏡夜先輩のせいじゃ,"I think about ten percent of
Senpai's",,,
122_4_6.json,697,Dialog,Kyoya,ないかと思いますけど……。,tears are because of Otori-senpai...,,,
122_4_6.json,699,Dialog,Haruhi,「これからどうしましょう？」,What should we do from here?,,,
122_4_6.json,708,Dialog,Kyoya,「そうだな、あとで環に言い訳が立つ程度に、,"Right. Just look around casually so
you",,,
122_4_6.json,709,Dialog,Kyoya,適当に見て回ればいいだろう」,have an excuse to tell Tamaki later.,,,
122_4_6.json,711,Dialog,Haruhi,「それじゃあ物産展に行って、みんなにお土産,Then let's go to the fair and buy,,,
122_4_6.json,712,Dialog,Haruhi,でも買いましょう。環先輩の分だけだと、うる,souvenirs for everyone. Otherwise,,,
122_4_6.json,713,Dialog,Haruhi,さそうですから」,Suoh-kun will be annoying.,,,
122_4_6.json,718,Dialog,Kyoya,「名案だな。ハルヒからと言えば、あいつらも,"That's a great idea. They'll be
satisfied",,,
122_4_6.json,719,Dialog,Kyoya,満足するだろう」,if it comes from Haruhi.,,,
122_4_6.json,721,Dialog,Haruhi,「そうだといいんですけどね。……それじゃあ,I hope so... Shall,,,
122_4_6.json,722,Dialog,Haruhi,行きましょうか」,we go then?,,,
122_4_6.json,727,Dialog,Kyoya,「案内は任せる」,Leave it to me.,,,
122_4_6.json,729,Dialog,Kyoya,そう言って、鏡夜先輩はあまり興味がなさそう,"Saying that, Kyoya-senpai looked",,,
122_4_6.json,730,Dialog,Kyoya,な様子であたりを見回した。,around with little interest.,,,
122_4_6.json,744,Dialog,Kyoya,「ハルヒ、物産展を見る前に頼みがある」,"Haruhi, there's something I want to
ask before we go see the fair.",,,
122_4_6.json,746,Dialog,Haruhi,「はあ、何でしょう？」,"Hmm, what is it?",,,
122_4_6.json,754,Dialog,Kyoya,「朝からあのバカの騒ぎに付き合ったおかげで、,"I couldn't eat breakfast because I
had to deal",,,
122_4_6.json,755,Dialog,Kyoya,朝食をとる時間がなくてな……」,"with that idiot's racket all
morning...",,,
122_4_6.json,757,Dialog,Kyoya,「どこでもかまわないから、手軽に食事のでき,Take me somewhere convenient,,,
122_4_6.json,758,Dialog,Kyoya,るところへ案内してくれ」,"to eat, anywhere.",,,
122_4_6.json,760,Dialog,Haruhi,「それじゃあ、ファーストフードでも大丈夫で,Is fast food,,,
122_4_6.json,761,Dialog,Haruhi,すか？」,okay?,,,
122_4_6.json,766,Dialog,Kyoya,「ああ、任せる。こういった場所には不案内だ,"Sure, I'll take it. I'm not familiar",,,
122_4_6.json,767,Dialog,Kyoya,からな」,with places like this.,,,
122_4_6.json,768,Dialog,Kyoya,……そうだった。お金持ちはデパートになんて,...I see. Rich people don't go,,,
122_4_6.json,769,Dialog,Kyoya,こないんですよね。,"to department stores, do they?",,,
122_4_6.json,777,Dialog,Kyoya,「食事の代金なら気にすることはない。元手は,"Don't worry about the bill. I'll
cover",,,
122_4_6.json,778,Dialog,Kyoya,こっちで出してやるから、好きなものを頼め」,"it, so order whatever you like.",,,
122_4_6.json,780,Dialog,Haruhi,「え……、いいですよ！　自分の分は自分で払,Uh... It's fine! I'll,,,
122_4_6.json,781,Dialog,Haruhi,いますから」,pay for my own share!,,,
122_4_6.json,782,Dialog,Haruhi,鏡夜先輩のオゴリだなんて、あとが怖い……。,"I'm scared of what will happen later
if Kyoya-senpai treats me...",,,
122_4_6.json,790,Dialog,Kyoya,「気にするな。オークションでさばいた、おま,"Don't worry about it. It's coming
from the proceeds",,,
122_4_6.json,791,Dialog,Kyoya,えの私物の売り上げからだからな」,"of your personal belongings that
were auctioned off.",,,
122_4_6.json,793,Dialog,Haruhi,「それって、元手は自分では……」,"That means you're putting up your
own money...",,,
122_4_6.json,798,Dialog,Kyoya,「何か問題でも？」,Is there a problem?,,,
122_4_6.json,799,Dialog,Kyoya,鏡夜先輩は、ニッコリと笑う。,Kyoya-senpai smiles sweetly.,,,
122_4_6.json,801,Dialog,Haruhi,「いえ……、何も」,No... nothing.,,,
122_4_6.json,802,Dialog,Haruhi,もう何も言うまい……。,I won't say anything more...,,,
122_4_6.json,805,Dialog,Haruhi,注文のしかたを知らない鏡夜先輩には、席を,I'll take an order for Kyoya-senpai,,,
122_4_6.json,806,Dialog,Haruhi,とっておいてもらって、自分は注文に行く。,since he doesn't know how to do it.,,,
122_4_6.json,807,Dialog,Haruhi,鏡夜先輩のリクエストは――。,What's Kyoya-senpai's request--?,,,
122_4_6.json,815,Dialog,Kyoya,「量が多いものにしてくれ」,「Give me a large portion」,,,
122_4_6.json,818,Dialog,Kyoya,ということなので、１番ボリュームのありそう,So I choose the set with the,,,
122_4_6.json,819,Dialog,Kyoya,なセットと、自分用にチキンサラダとドリンク,most volume and get a chicken,,,
122_4_6.json,820,Dialog,Kyoya,を選ぶ。,salad and drink for myself.,,,
122_4_6.json,821,Dialog,Kyoya,オーダーはすぐに通って、あっという間にレジ,"The order goes through quickly and
reaches the register",,,
122_4_6.json,822,Dialog,,へ届く。さすがファーストフード……。,"in no time. Truly a first-class fast
food place...",,,
122_4_6.json,826,Dialog,Haruhi,「……おいしいですか？」,Tastes good?,,,
122_4_6.json,828,Dialog,Kyoya,「口には合わないが、食べられないこともない,"It doesn't suit you, but I guess",,,
122_4_6.json,829,Dialog,Kyoya,な」,it's not completely inedible.,,,
122_4_6.json,830,Dialog,Kyoya,あ、やっぱり……。でも食べられるならいいよ,"Ah, I knew it... But it's",,,
122_4_6.json,831,Dialog,Kyoya,ね。,fine if I can eat it.,,,
122_4_6.json,833,Dialog,Kyoya,「おまえは、そのサラダだけで足りるのか？」,"Are you gonna be okay with just that
salad?",,,
122_4_6.json,835,Dialog,Haruhi,「はい、自分は食べてきてますから」,I've got some food.,,,
122_4_6.json,836,Dialog,Haruhi,そういう訳で、新発売のサラダを選んだんだけ,"That's why I picked up this new
salad...",,,
122_4_6.json,837,Dialog,Haruhi,ど……。これがおいしい。照り焼きチキンとサ,"It's actually pretty good. Grilled
chicken",,,
122_4_6.json,838,Dialog,Haruhi,ラダって意外に合う。,"and salad go together surprisingly
well.",,,
122_4_6.json,839,Dialog,Haruhi,簡単そうだから、今度お父さんにも作ってあげ,"It looks easy, so maybe I'll",,,
122_4_6.json,840,Dialog,Haruhi,ようかな。,make some for dad next time.,,,
122_4_6.json,843,Dialog,Kyoya,あれ？　……鏡夜先輩がじっと見てる？,"Hm? ...Is Kyoya-senpai staring at
me?",,,
122_4_6.json,844,Dialog,Kyoya,視線の先は……、サラダ。たった今チキンとサ,"Her gaze is fixed on... the salad.
It's",,,
122_4_6.json,845,Dialog,Kyoya,ラダを突き刺した、自分のフォークみたいだけ,"like she's staring at her own fork
that",,,
122_4_6.json,846,Dialog,Kyoya,ど……。,just speared chicken and salad...,,,
122_4_6.json,851,Dialog,Kyoya,「何がしたいんだ、おまえは」,What do you want?,,,
122_4_6.json,854,Dialog,Kyoya,「ん？　どうした？」,Hmm? What's up?,,,
122_4_6.json,857,Dialog,Kyoya,「くだらんことをするな」,Stop being ridiculous.,,,
122_4_6.json,862,Dialog,Kyoya,「お、おい……」,Hey...!,,,
122_4_6.json,864,Dialog,Haruhi,「良かったら、どうぞ？」,Would you like some?,,,
122_4_6.json,865,Dialog,Haruhi,チキンとサラダを突き刺したフォークを、先輩,I point my fork with chicken,,,
122_4_6.json,866,Dialog,Haruhi,の口元へと向けてみる。,and salad towards Senior.,,,
122_4_6.json,869,Dialog,Kyoya,あれ、いらないのかな？,"Oh, do you not need this?",,,
122_4_6.json,870,Dialog,Kyoya,あ、そうか……。こういうのは、別のお皿に取,"Oh, I see... We have to put",,,
122_4_6.json,871,Dialog,Kyoya,り分けないとダメなんだ。,this in a separate plate.,,,
122_4_6.json,873,Dialog,Haruhi,「すみません、つい」,"Sorry, it was involuntary.",,,
122_4_6.json,877,Dialog,Kyoya,手を引こうとしたとき、鏡夜先輩が食べてくれ,Just as I was about to take his,,,
122_4_6.json,878,Dialog,Kyoya,た。,"hand, Kyoya-senpai ate it.",,,
122_4_6.json,881,Dialog,Kyoya,「なんだ？　こんなところで周りの目を気にし,What's up? It doesn't matter,,,
122_4_6.json,882,Dialog,Kyoya,ても意味がないだろう」,what others think here.,,,
122_4_6.json,885,Dialog,Kyoya,「……まあ、いきなりフォークを突き出された,"Well, I was a bit surprised when",,,
122_4_6.json,886,Dialog,Kyoya,ときは、多少おどろいたが」,you suddenly thrust out the fork.,,,
122_4_6.json,888,Dialog,Haruhi,「お行儀が悪くてすみませんね。サラダを見て,"I'm sorry for being so rude. I
thought you wanted",,,
122_4_6.json,889,Dialog,Haruhi,たから、食べたいのかなって思ったんです」,"to eat it since you were looking at
the salad.",,,
122_4_6.json,891,Dialog,Kyoya,「いや……、おまえ、サラダにドレッシングを,No... You put dressing,,,
122_4_6.json,892,Dialog,Kyoya,かけていただろう」,on your salad.,,,
122_4_6.json,894,Dialog,Haruhi,「かけましたけど？」,Did you call?,,,
122_4_6.json,895,Dialog,Haruhi,サラダについてきたし。そういうものだと思っ,I brought salad. I thought that's,,,
122_4_6.json,896,Dialog,Haruhi,てたから……。,what we were supposed to do...,,,
122_4_6.json,898,Dialog,Kyoya,「フレンチドレッシングをかけたサラダに、和,I just wondered how a salad with,,,
122_4_6.json,899,Dialog,Kyoya,風の照り焼きチキンの組み合わせはどうなのか,French dressing would go with,,,
122_4_6.json,900,Dialog,Kyoya,と思っただけだ」,Japanese-style grilled chicken.,,,
122_4_6.json,901,Dialog,Kyoya,…………そんなことを考えてたんですか。それ,"...Is that what you were thinking?
If so,",,,
122_4_6.json,902,Dialog,Kyoya,なら聞いてくれれば良かったのに。でも、結局,you should have asked me. But in the,,,
122_4_6.json,903,Dialog,Kyoya,は食べれたんだし、良かったんだよね。,"end, you got to eat it, so it's
okay.",,,
122_4_6.json,905,Dialog,Haruhi,「どうでした？　お味は」,How was it? The taste?,,,
122_4_6.json,907,Dialog,Kyoya,「ドレッシングとのバランスが悪いな、かけす,"The dressing and salad aren't
balanced. You've",,,
122_4_6.json,908,Dialog,Kyoya,ぎだ。だが、組み合わせとしては悪くない」,"used too much. But the combination
isn't bad.",,,
122_4_6.json,910,Dialog,Haruhi,「そうですか」,That so?,,,
122_4_6.json,912,Dialog,Kyoya,「……笑うところか？　……おい、そろそろ行,......You think this is funny?,,,
122_4_6.json,913,Dialog,Kyoya,くぞ」,"......Hey, let's go now.",,,
122_4_6.json,915,Dialog,Haruhi,「はい、わかってます」,"Yeah, I get it.",,,
122_4_6.json,916,Dialog,Haruhi,残りのサラダを口に運びながら、いつも通りの,"I looked at Kyoya-senpai's usual
composed face",,,
122_4_6.json,917,Dialog,Haruhi,姿勢を崩さない鏡夜先輩の顔を見つめた。,"as I put the rest of the salad in my
mouth.",,,
122_4_6.json,924,Dialog,,ファーストフードを出て、物産展の会場に入る,"Exiting the fast food place and
entering",,,
122_4_6.json,925,Dialog,,と……。土曜日のお昼前ということもあって、,"the fair... It was pretty crowded
since",,,
122_4_6.json,926,Dialog,,かなり込んでいた。,it was Saturday just before noon.,,,
122_4_6.json,927,Dialog,,名産の漬け物、食器、地域限定のお菓子……。,"Local pickles, dishes, and sweets...",,,
122_4_6.json,928,Dialog,,いろんな品物が並んでいて、見ているだけでも,"There are all sorts of items on
display.",,,
122_4_6.json,929,Dialog,,けっこう楽しい。,Just looking at them is pretty fun.,,,
122_4_6.json,930,Dialog,,あ、あの和菓子……。,"Oh, those Japanese sweets...",,,
122_4_6.json,937,Dialog,Kyoya,「どうした？」,What is it?,,,
122_4_6.json,939,Dialog,Haruhi,「いえ、何でもないです」,"No, it's nothing.",,,
122_4_6.json,940,Dialog,Haruhi,お母さんがお土産に買ってきてくれたお菓子に,"I feel like these sweets are similar
to ones my mom",,,
122_4_6.json,941,Dialog,Haruhi,似てる気がしたんだけど……。気のせいかな。,"bought as souvenirs... Am I
imagining things?",,,
122_4_6.json,942,Dialog,Haruhi,まあ、ひとつ３０００円だし……、自分には手,"Well, they're 3,000 yen each... so",,,
122_4_6.json,943,Dialog,Haruhi,が出ない高級和菓子なんだけど。,they're out of my price range.,,,
122_4_6.json,951,Dialog,Kyoya,「そうか。それなら土産を選んでおいてくれ」,"Got it. Then choose some souvenirs
for me.",,,
122_4_6.json,953,Dialog,Haruhi,「あれ、鏡夜先輩は？」,Where's Kyoya-senpai?,,,
122_4_6.json,958,Dialog,Kyoya,「別のところを見てくる」,Look somewhere else.,,,
122_4_6.json,960,Dialog,Kyoya,そう言って、鏡夜先輩は人込みのなかへ消えて,"Saying that, Kyoya-senpai
disappeared",,,
122_4_6.json,961,Dialog,Kyoya,いった。,into the crowd.,,,
122_4_6.json,962,Dialog,Kyoya,………何か欲しいものでもあったのかな？　ま,......Did you want something? Never,,,
122_4_6.json,963,Dialog,Kyoya,あいいや。鏡夜先輩が戻ってくる前に、お土産,"mind. I should pick out some
souvenirs",,,
122_4_6.json,964,Dialog,Kyoya,を選ばないと。,before Kyoya-senpai gets back.,,,
122_4_6.json,966,Dialog,,うーん……。ハニー先輩がいることを考えると、,"Hm... Considering Honey-senpai's
here,",,,
122_4_6.json,967,Dialog,,やっぱり食べ物だよね。,"it must be about food, right?",,,
122_4_6.json,968,Dialog,,おせんべいや和菓子は……、違うよね。そうな,"Crispy rice crackers and Japanese
sweets... aren't",,,
122_4_6.json,969,Dialog,,ると洋菓子なんだけど、チョコレートやクッキー,"those different? If we go with
Western-style",,,
122_4_6.json,970,Dialog,,だよね。,"sweets, then chocolate or cookies,
right?",,,
122_4_6.json,971,Dialog,,あとは、日持ちしたほうがいいかな。そう考え,I guess it's better if it lasts,,,
122_4_6.json,972,Dialog,,ると――。,longer. Thinking about that--.,,,
122_4_6.json,973,Dialog,,『福岡めんたいチョコレート』,Fukuoka Mentai Chocolate,,,
122_4_6.json,974,Dialog,,『大阪名物たこ焼きクッキー』,Okonomiyaki Cookie,,,
122_4_6.json,975,Dialog,,『青森限定りんごクッキー』,Aomori Limited Apple Cookies,,,
122_4_6.json,976,Dialog,,選ぼうとすると、変わった品物ばかりが目につ,"When I try to pick something, all I
see",,,
122_4_6.json,977,Dialog,,く。しかも試食がないから、味を確かめること,"are weird items. And since there's
no",,,
122_4_6.json,978,Dialog,,もできない。,"tasting, I can't even check the
flavor.",,,
122_4_6.json,980,Dialog,,あ、となりの北海道ブースのお菓子がいいかな。,"Hmm... maybe some snacks from the
booth next to us?",,,
122_4_6.json,981,Dialog,,『北海道特選メロンクッキー』,Select Hokkaido Premium Melon Cookie,,,
122_4_6.json,982,Dialog,,普通といえば普通だけど、日持ちもするし、値,"It's pretty standard, but it lasts
long, is cheap, and",,,
122_4_6.json,983,Dialog,,段も安くてたくさん入ってるからこれにしよう。,"comes in large quantities, so let's
go with this.",,,
122_4_6.json,985,Dialog,Haruhi,「すみません、これくださーい」,"Excuse me, can I have this?",,,
122_4_6.json,986,Dialog,Haruhi,店員さんから紙袋を受け取ると同時に、鏡夜先,As I took the paper bag from the,,,
122_4_6.json,987,Dialog,Haruhi,輩が戻ってきた。,"clerk, Kyoya-senpai returned.",,,
122_4_6.json,994,Dialog,Kyoya,「決まったようだな」,It's decided then.,,,
122_4_6.json,996,Dialog,Haruhi,「はい、今買ったところです」,"Yeah, I just bought it.",,,
122_4_6.json,1004,Dialog,Kyoya,「なら帰るぞ……。と言いたいところだが、せっ,"I want to go home... But since we're
here,",,,
122_4_6.json,1005,Dialog,Kyoya,かくの機会だから他のフロアも見て回るか」,let's check out the other floors.,,,
122_4_6.json,1007,Dialog,Haruhi,「……ご案内します」,Show you around.,,,
122_4_6.json,1008,Dialog,Haruhi,人込みにうんざりしたと思ったんだけど。ちょっ,I thought you were tired of,,,
122_4_6.json,1009,Dialog,Haruhi,と意外だなあ。,crowds. That's unexpected.,,,
122_4_6.json,1018,Dialog,Kyoya,「商品価値はともかくとして、品ぞろえと数だ,"Sure, the selection and",,,
122_4_6.json,1019,Dialog,Kyoya,けは豊富なようだな」,quantity are impressive.,,,
122_4_6.json,1021,Dialog,Haruhi,「デパートですからね」,Because it's a department store.,,,
122_4_6.json,1022,Dialog,Haruhi,いつも先輩が買うような品物とは、価値がまっ,It's completely different from,,,
122_4_6.json,1023,Dialog,Haruhi,たく違うでしょうとも。,"what you usually buy, sempai.",,,
122_4_6.json,1025,Dialog,Haruhi,「何か気になるもの、ありましたか？」,Did you find anything interesting?,,,
122_4_6.json,1030,Dialog,Kyoya,「いや。……環や双子たちがいれば、喜びそう,"No. ...There would have been things
that would",,,
122_4_6.json,1031,Dialog,Kyoya,なものはあったがな」,"have made Tama-chan and the twins
happy.",,,
122_4_6.json,1033,Dialog,Kyoya,環先輩や光たちなら、確かに何を見ても大騒ぎ,"If Tama-chan and the others were
here, they'd definitely make",,,
122_4_6.json,1034,Dialog,Kyoya,しそうだ……。想像するだけで疲れるなあ。,"a fuss about anything... Just
imagining it makes me tired.",,,
122_4_6.json,1035,Dialog,Kyoya,……一緒にいるのが鏡夜先輩で良かったかもし,...Maybe it's for the best,,,
122_4_6.json,1036,Dialog,Kyoya,れない。,that I'm with Kyoya-senpai.,,,
122_4_6.json,1037,Dialog,,そう思っていると、鏡夜先輩は足を止めて周り,"Just as I thought that, Kyoya-senpai
stopped",,,
122_4_6.json,1038,Dialog,,を見渡して満足そうに言った。,and looked around with satisfaction.,,,
122_4_6.json,1045,Dialog,Kyoya,「この辺でいいだろう。帰るぞ、ハルヒ」,"Let's head back, Haruhi.",,,
122_4_6.json,1047,Dialog,Haruhi,「はい」,Yes,,,
122_4_6.json,1051,Dialog,Haruhi,１階に下りてきて、そろそろ別れて帰ろうかと,Just as we were about to,,,
122_4_6.json,1052,Dialog,Haruhi,いうとき――。,part ways and go home...,,,
122_4_6.json,1059,Dialog,Kyoya,「忘れ物だ、ハルヒ」,"Something's missing, Haruhi.",,,
122_4_6.json,1060,Dialog,Kyoya,そう言って鏡夜先輩は、小さな包みを自分の手,"Saying that, Kyoya-senpai placed",,,
122_4_6.json,1061,Dialog,Kyoya,にのせる。,a small package in his hand.,,,
122_4_6.json,1063,Dialog,Haruhi,「何ですか、これ？」,What's this?,,,
122_4_6.json,1064,Dialog,Haruhi,押しつけられた包みを見ていると、鏡夜先輩は,Looking at the package handed to,,,
122_4_6.json,1065,Dialog,Haruhi,ため息まじりに言った。,"me, Kyoya-senpai sighed and said.",,,
122_4_6.json,1070,Dialog,Kyoya,「お前と別れたあと、しつこい店員に捕まって,"I got cornered by a persistent clerk
who wouldn't",,,
122_4_6.json,1071,Dialog,Kyoya,な。買うまで離さないとしがみつかれた」,let me go until I bought something.,,,
122_4_6.json,1073,Dialog,Haruhi,「……勇気のある人というか、無謀な人がいる,...So there are brave people...,,,
122_4_6.json,1074,Dialog,Haruhi,んですね」,"or rather, reckless ones.",,,
122_4_6.json,1079,Dialog,Kyoya,「……どういう意味かな？」,...What do you mean?,,,
122_4_6.json,1081,Dialog,Haruhi,「い、いえ、別に」,"N-no, nothing really.",,,
122_4_6.json,1086,Dialog,Kyoya,「話すのも面倒だったから買ってみたが、どう,"I got it just because talking about
it was",,,
122_4_6.json,1087,Dialog,Kyoya,考えても俺には必要のないものだ」,"a hassle, but I don't need this at
all.",,,
122_4_6.json,1089,Dialog,Haruhi,「ようするに、いらない物を自分に押し付けて,"In other words, you're forcing",,,
122_4_6.json,1090,Dialog,Haruhi,いるんですね」,unwanted stuff on yourself.,,,
122_4_6.json,1095,Dialog,Kyoya,「人聞きの悪いことを言ってくれるな」,You have such rude things to say.,,,
122_4_6.json,1096,Dialog,Kyoya,事実だと思うんですけどねと思いながら、受け,"While thinking that it's probably
true, I looked",,,
122_4_6.json,1097,Dialog,Kyoya,取った包みをよく見てみると――。,"closely at the package I received
--.",,,
122_4_6.json,1099,Dialog,Haruhi,「鏡夜先輩、これ高級和菓子の……」,"Kyoya-senpai, this is high-end
Japanese confectionery...",,,
122_4_6.json,1107,Dialog,Kyoya,「気に入ったのか？　良かったじゃないか」,"I like it? That's great, isn't it?",,,
122_4_6.json,1109,Dialog,Haruhi,「そうじゃなくって……」,That's not it...,,,
122_4_6.json,1110,Dialog,Haruhi,なんだろう、あんまりうまく言えないけど。,I don't know how to say it...,,,
122_4_6.json,1112,Dialog,Haruhi,「――鏡夜先輩は、何かをごまかそうとすると,"That's when you start babbling,
Kyoya-senpai,",,,
122_4_6.json,1113,Dialog,Haruhi,き、おしゃべりになるんですね」,"when you're trying to cover
something up.",,,
122_4_6.json,1122,Dialog,Kyoya,「それなりに、興味深い考察だな」,That's an interesting observation.,,,
122_4_6.json,1124,Dialog,Kyoya,そう言っていつものように笑ったとき――。,As she laughed as usual--.,,,
122_4_6.json,1125,Dialog,Kyoya,ピリリリリリリリリリリ。,Beep-beep-beep!,,,
122_4_6.json,1130,Dialog,Kyoya,「……悪いな」,「...Sorry.」,,,
122_4_6.json,1131,Dialog,Kyoya,どうぞ、と手振りで鏡夜先輩をうながす。,"I gesture for Kyoya-senpai to come
over.",,,
122_4_6.json,1134,Dialog,Kyoya,「ああ、俺だ。……どうした？」,"Yeah, it's me. ...What's up?",,,
122_4_6.json,1135,Dialog,Kyoya,誰からの電話だろう……。,Who could be calling...?,,,
122_4_6.json,1137,Dialog,Kyoya,「確かなんだな……。それで？」,That's for sure... So?,,,
122_4_6.json,1138,Dialog,Kyoya,声の様子から、あまり楽しい話ではないことは,"I can imagine it's not a very
pleasant",,,
122_4_6.json,1139,Dialog,Kyoya,想像できる。,story from the sound of his voice.,,,
122_4_6.json,1141,Dialog,Kyoya,「わかった、すぐに行く」,"Got it, I'm on my way.",,,
122_4_6.json,1149,Dialog,Haruhi,「……何かあったんですか？」,Is something wrong?,,,
122_4_6.json,1151,Dialog,Kyoya,「ああ……。来週でホスト部の一時活動停止が,Oh... The Host Club's temporary,,,
122_4_6.json,1152,Dialog,Kyoya,解ける」,shutdown ends next week.,,,
122_4_6.json,1154,Dialog,Haruhi,「それ……、いいことですよね」,"That's... great, isn't it?",,,
122_4_6.json,1155,Dialog,Haruhi,でも……、鏡夜先輩はぜんぜん笑っていない。,"But... Kyoya-senpai isn't smiling at
all.",,,
122_4_6.json,1157,Dialog,Haruhi,「他に何かあったんですね？」,Is there something else?,,,
122_4_6.json,1162,Dialog,Kyoya,「……理事長が交代するかもしれん。一言で言,...The chairman might be replaced.,,,
122_4_6.json,1163,Dialog,Kyoya,うなら、失脚だ」,"In one word, it's his downfall.",,,
122_4_6.json,1164,Dialog,Kyoya,理事長が交代って、どうしてそんな……。,"Why would the board of directors
change...?",,,
122_4_6.json,1169,Dialog,Kyoya,「まだ決定じゃない。事実を確認するまではう,Nothing's decided yet. Don't panic,,,
122_4_6.json,1170,Dialog,Kyoya,ろたえるな」,until we confirm the facts.,,,
122_4_6.json,1172,Dialog,Kyoya,「俺も詳しい話を聞いて、それから調べる。お,I'll ask for more details,,,
122_4_6.json,1173,Dialog,Kyoya,まえは……」,and look into it. You...,,,
122_4_6.json,1175,Dialog,Haruhi,「自分も行きます！」,「I'm going too!」,,,
122_4_6.json,1184,Dialog,Kyoya,「残念だが、おまえにできることはない」,"Sorry, but there's nothing you can
do.",,,
122_4_6.json,1186,Dialog,Kyoya,すごく気になるけど……、無理は言えない。,"I'm really curious... but I can't
ask.",,,
122_4_6.json,1188,Dialog,Haruhi,「……わかりました。でも、ちゃんと説明して,I see... But explain,,,
122_4_6.json,1189,Dialog,Haruhi,くださいね」,everything clearly.,,,
122_4_6.json,1194,Dialog,Kyoya,「ああ……」,Oh...,,,
122_4_6.json,1197,Dialog,Kyoya,さすがに鏡夜先輩も、いつもの冷静さをなくし,Even Kyoya-senpai seemed to,,,
122_4_6.json,1198,Dialog,Kyoya,てしまっているように見えた。,lose his usual composure.,,,
122_4_6.json,1199,Dialog,Kyoya,大丈夫なのかな……。,I wonder if it's okay...,,,
122_4_6.json,1204,Dialog,,#Color[7]#Scale[1.8]デパート　１階　案内板前,#Color[7]#Scale[1.8]Lobby information desk!,,,
122_4_6.json,1206,Dialog,,約束の時間からもう１５分過ぎてるのに、光と,"It's been fifteen minutes past our
agreed time,",,,
122_4_6.json,1207,Dialog,,馨はまだ来ていない。,"but Hikaru and Kaoru still haven't
shown up.",,,
122_4_6.json,1210,Dialog,,あと５分待って来なかったら帰ろうかなと思っ,"Just as I was thinking of going home
if",,,
122_4_6.json,1211,Dialog,,たとき――。,"you didn't show up in five
minutes--.",,,
122_4_6.json,1222,Dialog,,不機嫌そうな光が、目の前に現れた。,"An irritated Hikaru appeared in
front of me.",,,
122_4_6.json,1231,Dialog,Haruhi,「あれ？　馨はどうしたの？」,Hey? What's Kaoru doing?,,,
122_4_6.json,1233,Dialog,Hikaru,「……風邪ひいたって」,...I got a cold.,,,
122_4_6.json,1235,Dialog,Haruhi,「そうなの？　どうしよ、帰る？」,"Really? What should we do, go home?",,,
122_4_6.json,1243,Dialog,Hikaru,「僕は別にそれでもいいんだけど、馨がさ」,"I don't mind either way, Kaoru.",,,
122_4_6.json,1252,Dialog,Kaoru,「ゴホッ、ゴホッ……。光は僕のぶんも、ハル,"Cough, cough... Hikaru, escort",,,
122_4_6.json,1253,Dialog,Kaoru,ヒをちゃんとエスコートしてきて」,Haruhi back for me too.,,,
122_4_6.json,1258,Dialog,Kaoru,「もしできなかったら、光とはしばらく口きか,"If you don't do it, I won't",,,
122_4_6.json,1259,Dialog,Kaoru,ないからね！」,talk to Hikaru for a while!,,,
122_4_6.json,1264,Dialog,Kaoru,「いーい？　わかった？」,Got it? Understand?,,,
122_4_6.json,1273,Dialog,Hikaru,「……だってさ」,"Yeah, you see...",,,
122_4_6.json,1275,Dialog,Haruhi,「ふーん。そんなに気をつかってくれなくても,Hmm. You didn't have to go,,,
122_4_6.json,1276,Dialog,Haruhi,いいのに」,out of your way for me.,,,
122_4_6.json,1277,Dialog,Haruhi,馨らしいといえば、らしいのかな。,That's just like Kaoru...,,,
122_4_6.json,1285,Dialog,Hikaru,「……とにかく、今日は僕がハルヒの相手する,I'll take care of,,,
122_4_6.json,1286,Dialog,Hikaru,から」,Haruhi today.,,,
122_4_6.json,1288,Dialog,Haruhi,「うん、わかった」,"Yeah, got it.",,,
122_4_6.json,1289,Dialog,Haruhi,せっかくだし、２人で見回ればいいのかな。,"Since we're at it, should we check
together?",,,
122_4_6.json,1301,Dialog,Hikaru,「で、どーすんの。どっか見たいトコとかあれ,"So, what're you gonna do? If there's
anywhere",,,
122_4_6.json,1302,Dialog,Hikaru,ば、付き合うけど」,"you wanna go, I'll tag along.",,,
122_4_6.json,1304,Dialog,Haruhi,「別に。光は？」,Not really. Hikaru?,,,
122_4_6.json,1312,Dialog,Hikaru,「はあ？　こんなトコ初めてなんだから、何が,"Huh? Since this is my first time
here, I don't",,,
122_4_6.json,1313,Dialog,Hikaru,あるのか――。じゃなくて……」,"know what's going to happen--.
Wait...",,,
122_4_6.json,1318,Dialog,Hikaru,「えっと、なんか買いたい物とかないの？」,"Um, do you want to buy anything?",,,
122_4_6.json,1319,Dialog,Hikaru,買いたい物って言われても。,What do you want me to buy?,,,
122_4_6.json,1321,Dialog,Haruhi,「別に欲しい物はないし」,I don't want anything.,,,
122_4_6.json,1329,Dialog,Hikaru,「じゃあ、別のところに行く？　移動するなら、,"Then shall we go somewhere else? If
you want",,,
122_4_6.json,1330,Dialog,Hikaru,タクシーとかうちの車を呼んで……」,"to move, I can call a taxi or our
car...",,,
122_4_6.json,1332,Dialog,Haruhi,「え、いいよそんな。面倒くさいじゃん」,"Hey, it's fine. It'll just be
troublesome.",,,
122_4_6.json,1337,Dialog,Hikaru,「面倒って……、おまえな」,A hassle... you are.,,,
122_4_6.json,1338,Dialog,Hikaru,そのとき、ふと天井から下がるプラカードに目,"Then, my eyes were drawn to the",,,
122_4_6.json,1339,Dialog,Hikaru,がとまった。,sign hanging from the ceiling.,,,
122_4_6.json,1341,Dialog,Haruhi,「物産展やってるんだ。行ってみようよ」,Let's go check out the fair.,,,
122_4_6.json,1344,Dialog,Hikaru,「あ、待てよハルヒ！　ったく……」,"Wait, Haruhi! Jeez...",,,
122_4_6.json,1346,Dialog,Hikaru,全国の名産品を一堂に集めた――、というのが,"The local products fair, which
boasts having all the best",,,
122_4_6.json,1347,Dialog,Hikaru,売りらしい物産展は、かなり賑わっていた。,"regional specialties in one place,
was quite crowded.",,,
122_4_6.json,1354,Dialog,Hikaru,「……食いモンばっかじゃん」,Nothing but food...,,,
122_4_6.json,1356,Dialog,Haruhi,「あ、これなんかおいしそうだよ？」,"Hey, this looks good!",,,
122_4_6.json,1359,Dialog,Clerk,「ご試食どうぞー」,Please try some~,,,
122_4_6.json,1360,Dialog,Clerk,店員さんにすすめられるまま、おだんごを試食,I try the dumplings as recommended,,,
122_4_6.json,1361,Dialog,Clerk,してみる。……うん、おいしい。,"by the clerk... Mm, they're good.",,,
122_4_6.json,1368,Dialog,Hikaru,「おい！　腹が減ってるならレストランにでも,"Hey! If you're hungry, why don't you
go into",,,
122_4_6.json,1369,Dialog,Hikaru,入ればいいだろ。こんなトコで……」,"a restaurant? What are you doing
here...?",,,
122_4_6.json,1371,Dialog,Haruhi,「光も食べてみてよ。はい」,"Try some too, Hikaru. Here.",,,
122_4_6.json,1373,Dialog,Hikaru,「だから、そういうことじゃなくて！」,That's not what I meant!,,,
122_4_6.json,1374,Dialog,Hikaru,文句ばかりの口のなかに、おだんごを放り込ん,Put some dumplings in your,,,
122_4_6.json,1375,Dialog,Hikaru,でみる。,complaining mouth.,,,
122_4_6.json,1384,Dialog,Haruhi,「どう？　おいしい？」,Taste good?,,,
122_4_6.json,1389,Dialog,Hikaru,「…………わりとイケる、……けど！」,Sorta good... but!,,,
122_4_6.json,1391,Dialog,Hikaru,ふうん、こういうのも平気なんだ。じゃあ、次,"Huh, so you're okay with",,,
122_4_6.json,1392,Dialog,Hikaru,は……。,this too. Then next...!,,,
122_4_6.json,1394,Dialog,Hikaru,「なんなんだよ、おまえ。勝手に動くなっつー,"Hey, what's up with you? Don't",,,
122_4_6.json,1395,Dialog,Hikaru,の！」,move around like that!,,,
122_4_6.json,1401,Dialog,,あわてて追いかけてくる光に、今度は別の試食,I hurriedly offer him another sample,,,
122_4_6.json,1402,Dialog,,品を差し出す。,as Hikaru chases after me.,,,
122_4_6.json,1404,Dialog,Haruhi,「はい、これ。山菜の漬け物だって」,"Here you go. These are pickled
mountain vegetables.",,,
122_4_6.json,1412,Dialog,Hikaru,「…………ウマいけど」,......It's good.,,,
122_4_6.json,1413,Dialog,Hikaru,うん、さっきのより気に入ったみたい。,"Yeah, I like this one better than
the last one.",,,
122_4_6.json,1416,Dialog,Haruhi,「すみません、これ２つください」,"Excuse me, I'll take two.",,,
122_4_6.json,1418,Dialog,Clerk,「はーい、ありがとうございます」,"Okay, thank you.",,,
122_4_6.json,1419,Dialog,Clerk,包んでもらった漬け物を受け取って、他のお店,As I was about to take the pickles,,,
122_4_6.json,1420,Dialog,Clerk,に行こうとすると――。,and go to another store... --,,,
122_4_6.json,1428,Dialog,Hikaru,「……あのさあ、食い物なんかどうだっていい,Hey... I don't care about,,,
122_4_6.json,1429,Dialog,Hikaru,じゃん」,food or anything.,,,
122_4_6.json,1430,Dialog,Hikaru,イライラした光に、引き止められる。,Hikaru's irritation stops me.,,,
122_4_6.json,1432,Dialog,Haruhi,「だって、光の口に合うってことは、馨も食べ,"Since it fits Hikaru's mouth,",,,
122_4_6.json,1433,Dialog,Haruhi,られるってことでしょう？」,"Kaoru can eat it too, right?",,,
122_4_6.json,1441,Dialog,Hikaru,「え……？」,「Huh...?」,,,
122_4_6.json,1443,Dialog,Haruhi,「これ、馨のお土産だから」,This is Kaoru's souvenir!,,,
122_4_6.json,1448,Dialog,Hikaru,「……早く言ってくれれば、僕だって……」,"If you'd told me sooner, even I
could have...",,,
122_4_6.json,1450,Dialog,Haruhi,「あれ？　言わなかった？」,Huh? Didn't I say that?,,,
122_4_6.json,1458,Dialog,Hikaru,「聞いてないよ」,I'm not listening.,,,
122_4_6.json,1460,Dialog,Haruhi,「じゃ、次は光が選んでよ」,"「Then, it's Hikaru's turn.」",,,
122_4_6.json,1466,Dialog,Hikaru,「……うん」,「...Yeah.」,,,
122_4_6.json,1468,Dialog,Hikaru,すっかり笑顔の戻った光は、馨のお土産を楽し,"Hikaru, now with a big smile back on
his face, started",,,
122_4_6.json,1469,Dialog,Hikaru,そうに選び始めた。,"picking out souvenirs for Kaoru with
evident pleasure.",,,
122_4_6.json,1470,Dialog,Hikaru,馨のお土産を選び終わって――。,"I've finished picking Kaoru's
gift... --",,,
122_4_6.json,1477,Dialog,Hikaru,「ノド渇いたし、どっか入んない？」,"Thirsty... Want to go somewhere and
drink?",,,
122_4_6.json,1479,Dialog,Haruhi,「いいよ。えっと、あそこでいい？」,"Sure. Uh, how about over there?",,,
122_4_6.json,1480,Dialog,Haruhi,通路を挟んだ向かい側にあるファーストフード,Point to the fast food restaurant,,,
122_4_6.json,1481,Dialog,Haruhi,のお店を指差す。,across the hallway.,,,
122_4_6.json,1489,Dialog,Hikaru,「いいんじゃない？　庶民の店ってカンジで」,"Isn't that okay? It's got a commoner
vibe.",,,
122_4_6.json,1490,Dialog,Hikaru,機嫌が良くなったと思ったら、口が悪くなるん,"You think she's in a good mood,",,,
122_4_6.json,1491,Dialog,Hikaru,だから。,but then her mouth gets mean.,,,
122_4_6.json,1494,Dialog,Hikaru,光に席を取っておいてもらって、その間に注文,Have Hikaru save us seats,,,
122_4_6.json,1495,Dialog,Hikaru,をすませる。,while I place our order.,,,
122_4_6.json,1497,Dialog,Haruhi,「……どうしようかな、これ」,...I wonder what to do with this.,,,
122_4_6.json,1498,Dialog,Haruhi,【カップルお客様デー】っていう企画をやって,"We did a ""Couple Customer",,,
122_4_6.json,1499,Dialog,Haruhi,いて、２人用のドリンクをサービスしてもらっ,"Day"" event and got a two-person",,,
122_4_6.json,1500,Dialog,Haruhi,たんだけど。,drink for free.,,,
122_4_6.json,1501,Dialog,Haruhi,ハートのストローが２本って……。どうせなら、,Two heart-shaped straws... It would,,,
122_4_6.json,1502,Dialog,Haruhi,別々に飲み物をサービスしてくれれば良かった,have been better if you had offered,,,
122_4_6.json,1503,Dialog,Haruhi,のに。,different drinks instead.,,,
122_4_6.json,1511,Dialog,Hikaru,「…………ナニそれ」,「......What's that?」,,,
122_4_6.json,1513,Dialog,Haruhi,「サービスだって。くれるっていうから、もらっ,Service. I got it because,,,
122_4_6.json,1514,Dialog,Haruhi,たんだけど」,they said I could.,,,
122_4_6.json,1519,Dialog,Hikaru,「ふーん。で、僕のコーヒーは？」,Hmm. And my coffee?,,,
122_4_6.json,1521,Dialog,Haruhi,「頼んでないよ？」,I didn't ask for it.,,,
122_4_6.json,1529,Dialog,Hikaru,「はあ！？　何で？」,Huh?! Why?,,,
122_4_6.json,1531,Dialog,Haruhi,「だって、これもらったし」,Cause I got this.,,,
122_4_6.json,1536,Dialog,Hikaru,「おまえなあ……」,Hey you...,,,
122_4_6.json,1538,Dialog,Haruhi,「はいはい、文句ばっかり言わない」,"Yeah, yeah, stop complaining.",,,
122_4_6.json,1542,Dialog,Haruhi,トレイをテーブルに置くと、光はさっさと自分,Hikaru quickly pulls his tray in,,,
122_4_6.json,1543,Dialog,Haruhi,の手前に引き寄せて飲み始める。,front of him and starts eating.,,,
122_4_6.json,1545,Dialog,Haruhi,「それ、２人分だよ」,That's for both of us.,,,
122_4_6.json,1547,Dialog,Hikaru,「へー、そうなんだ」,"Hey, really?",,,
122_4_6.json,1549,Dialog,Haruhi,「あのねえ……」,Honestly...,,,
122_4_6.json,1550,Dialog,Haruhi,まさかとは思うけど、１人でぜんぶ飲んじゃう,"I doubt it, but are you planning to
drink it all by",,,
122_4_6.json,1551,Dialog,Haruhi,つもりかな？　それなら無くなる前に――。,"yourself? If that's the case, before
it runs out--.",,,
122_4_6.json,1556,Dialog,Hikaru,「……なんだよ」,「...What's up?」,,,
122_4_6.json,1559,Dialog,Hikaru,「ジャマすんなよなー」,Quit bugging me.,,,
122_4_6.json,1562,Dialog,Hikaru,「何？」,What?,,,
122_4_6.json,1567,Dialog,Hikaru,「え？　おまえも飲むの！？」,Huh? You're drinking too!?,,,
122_4_6.json,1569,Dialog,Haruhi,「だから、２人分なんだって」,So it's for two people.,,,
122_4_6.json,1570,Dialog,Haruhi,ストローに手を伸ばしただけなのに、そんなに,I was just reaching for the straw.,,,
122_4_6.json,1571,Dialog,Haruhi,おどろかなくてもいいと思うんだけど。,You didn't have to be so surprised.,,,
122_4_6.json,1574,Dialog,Hikaru,「…………わかってるけど」,"I know, but...",,,
122_4_6.json,1576,Dialog,Haruhi,「じゃあいいよね」,Then that's fine.,,,
122_4_6.json,1578,Dialog,Hikaru,"#Pos[0,20]#Scale[1.4]　　　　　 「わっ」","#Pos[0,20]#Scale[1.4] ""Eek!""",,,
122_4_6.json,1585,Dialog,,ストローに口をつけようと顔を寄せると、光は,"As I tried to put my lips to the
straw,",,,
122_4_6.json,1586,Dialog,,あわてたように体を引いた。,Hikaru pulled back as if startled.,,,
122_4_6.json,1588,Dialog,Haruhi,「どうしたの？」,What's wrong?,,,
122_4_6.json,1590,Dialog,Hikaru,「も、もういらない。……ハルヒにあげる」,"I don't need it anymore... I'll give
it to you, Haruhi.",,,
122_4_6.json,1592,Dialog,Haruhi,「でも、まだたくさん残ってるよ」,But there's still plenty left.,,,
122_4_6.json,1601,Dialog,Hikaru,「いらないってば」,I don't need it.,,,
122_4_6.json,1606,Dialog,Haruhi,「そうなの？　じゃあ、ポテトは光が食べてい,Really? Then Hikaru,,,
122_4_6.json,1607,Dialog,Haruhi,いよ」,can have the potato.,,,
122_4_6.json,1608,Dialog,Haruhi,ポテトを光の前に寄せて、ストローに口をつけ,"I put the potato chips in front of
Hikaru and",,,
122_4_6.json,1609,Dialog,Haruhi,る。ん、冷たくておいしい。,"sip my drink. Mmm, it's cold and
delicious.",,,
122_4_6.json,1617,Dialog,Hikaru,「……少しは気にしろよな」,"...Worry a little bit, okay?",,,
122_4_6.json,1619,Dialog,Haruhi,「気にするって何を？」,What are you worrying about?,,,
122_4_6.json,1624,Dialog,Hikaru,「何をって、そんなの僕にわかるわけないだろ」,"What do you mean? Like I'd know
something like that.",,,
122_4_6.json,1626,Dialog,Haruhi,「へんなの」,Strange.,,,
122_4_6.json,1627,Dialog,Haruhi,不機嫌そうにポテトを食べる光を見ながら、,I drank my juice while watching,,,
122_4_6.json,1628,Dialog,Haruhi,ジュースを飲んだ。,Hikaru eat his potatoes sulkily.,,,
122_4_6.json,1641,Dialog,Haruhi,「ありがとね、光」,"Thanks, Hikaru.",,,
122_4_6.json,1646,Dialog,Hikaru,「馨がいないのが残念だけど、結構おもしろかっ,"I'm kind of disappointed Kaoru's not
here, but it",,,
122_4_6.json,1647,Dialog,Hikaru,たからいいよ。あのときなんてさ……」,"was pretty fun so it's okay.
Remember that time...",,,
122_4_6.json,1648,Dialog,Hikaru,……そんなに笑うことかな。,...Do you laugh that much?,,,
122_4_6.json,1650,Dialog,Hikaru,しばらく休憩したあと、せっかく来たんだからっ,"After taking a break for a while, I
thought since we",,,
122_4_6.json,1651,Dialog,Hikaru,て食品売り場を回ってみたんだけど――。,"came all this way, I'd check out the
food section--.",,,
122_4_6.json,1654,Dialog,Haruhi,「お肉が３パックで１０００円だって。どれが,"The meat is 1,000 yen for three
packs.",,,
122_4_6.json,1655,Dialog,Haruhi,いいかな……。あ、光、そこのお豆腐も持って,"Which one should I get...? Oh,
Hikaru,",,,
122_4_6.json,1656,Dialog,Haruhi,きてくれる？」,"can you grab the tofu over there
too?",,,
122_4_6.json,1658,Dialog,Hikaru,「豆腐って、これ？」,Is this tofu?,,,
122_4_6.json,1660,Dialog,Haruhi,「そうだけど、１００円引きってシールが貼っ,"Sure, but pick the one with",,,
122_4_6.json,1661,Dialog,Haruhi,てあるほうにして」,the 100 yen off sticker.,,,
122_4_6.json,1663,Dialog,Hikaru,「…………セコっ」,「......Scru......」,,,
122_4_6.json,1665,Dialog,Haruhi,「あ、向こうで卵のタイムセールだって。おひ,"Oh, there's an egg sale over there.
Only one pack",,,
122_4_6.json,1666,Dialog,Haruhi,とり様１パックだから、光も一緒に並んで」,"per person, so Hikaru should line up
with me.",,,
122_4_6.json,1668,Dialog,Hikaru,「えーっ、めんどくさい」,"Ugh, this is such a hassle.",,,
122_4_6.json,1670,Dialog,Haruhi,「ほら、はやく」,Hurry up.,,,
122_4_6.json,1671,Dialog,Haruhi,いろいろ買い物をしたあと、菓子売り場に寄っ,"After shopping around, I stopped",,,
122_4_6.json,1672,Dialog,Haruhi,て――。,by the candy section --,,,
122_4_6.json,1675,Dialog,Hikaru,「これ、いいんじゃないの？」,Isn't this good?,,,
122_4_6.json,1677,Dialog,Haruhi,「それなら、あと１時間くらいでタイムサービ,Then it'll be a special,,,
122_4_6.json,1678,Dialog,Haruhi,スになるよ」,deal in about an hour.,,,
122_4_6.json,1680,Dialog,Hikaru,「何それ？」,What's that?,,,
122_4_6.json,1682,Dialog,Haruhi,「決まった時間に、安くなるサービス」,"A service that's cheaper at certain
times.",,,
122_4_6.json,1685,Dialog,Hikaru,「それなら、１００個くらい買っていこうか？」,Then let's buy about 100 of them?,,,
122_4_6.json,1688,Dialog,Haruhi,「……誰が持つの、それ」,Who's carrying that?,,,
122_4_6.json,1690,Dialog,Hikaru,「もちろんハルヒ。……っていうのは冗談で車,"Of course, Haruhi... Just",,,
122_4_6.json,1691,Dialog,Hikaru,呼ぶし」,"kidding, I'll call a car.",,,
122_4_6.json,1692,Dialog,Hikaru,……お金持ちのスケールには、ついていけない。,"...I can't keep up with their scale
of wealth.",,,
122_4_6.json,1700,Dialog,Hikaru,「今度は絶対、馨も一緒に来ないとね。もちろ,"Of course, next time you have to
come",,,
122_4_6.json,1701,Dialog,Hikaru,ん、ハルヒも」,"too, Kaoru. And Haruhi, of course.",,,
122_4_6.json,1703,Dialog,Hikaru,ピリリリリリリリリリ……。,Beep-beep-beep...,,,
122_4_6.json,1707,Dialog,,そうだねって答えようとしたとき、光のポケッ,"Just as I was about to answer that,",,,
122_4_6.json,1708,Dialog,,トから携帯電話の着信音が鳴りひびいた。,Hikaru's phone rang from his pocket.,,,
122_4_6.json,1713,Dialog,Hikaru,「きっと馨からだ」,Kaoru for sure.,,,
122_4_6.json,1714,Dialog,Hikaru,そう言いながら、光は携帯電話を取り出す。,"Saying that, Hikaru takes out his
cell phone.",,,
122_4_6.json,1719,Dialog,Hikaru,「――鏡夜先輩？　あ……、はい……」,「――Kyoya-senpai? Ah... Yes...」,,,
122_4_6.json,1721,Dialog,Hikaru,……どうしたんだろう。鏡夜先輩から電話なん,...What could it be? I never,,,
122_4_6.json,1722,Dialog,Hikaru,て。,get calls from Kyoya-senpai.,,,
122_4_6.json,1723,Dialog,Hikaru,光は難しい顔をして、何度か相づちを打ってば,Hikaru nods along,,,
122_4_6.json,1724,Dialog,Hikaru,かりだけど。,thoughtfully.,,,
122_4_6.json,1728,Dialog,Hikaru,「すぐ行きます……」,I'm coming...,,,
122_4_6.json,1729,Dialog,Hikaru,沈んだ声でつぶやいて、光は電話を切った。,Hikaru hung up in a low voice.,,,
122_4_6.json,1736,Dialog,Hikaru,「来週から、一時活動停止の処分が解けるんだ,"Starting next week, our temporary
suspension will",,,
122_4_6.json,1737,Dialog,Hikaru,けど、理事長が交代するかもしれないってさ」,"be lifted, but the principal might
change.",,,
122_4_6.json,1739,Dialog,Haruhi,「それ、どういうこと？」,What is that supposed to mean?,,,
122_4_6.json,1744,Dialog,Hikaru,「これから、鏡夜先輩のところに行って聞いて,I'm going to ask Kyoya-senpai,,,
122_4_6.json,1745,Dialog,Hikaru,くる。だからハルヒは――」,something. So Haruhi--,,,
122_4_6.json,1747,Dialog,Haruhi,「一緒に行く」,Go with me,,,
122_4_6.json,1752,Dialog,Hikaru,「……ごめん」,...Sorry.,,,
122_4_6.json,1753,Dialog,Hikaru,そう言って、光はうつむいてしまった。,Hikaru looked down.,,,
122_4_6.json,1755,Dialog,Hikaru,すごく気になるけど……。,I'm really curious... but.,,,
122_4_6.json,1757,Dialog,Haruhi,「自分にも、ちゃんと説明してくれるよね」,"You'll explain everything to me too,
right?",,,
122_4_6.json,1766,Dialog,Hikaru,「わかってる。……じゃあ、学校で」,"I know. ...Then, at school.",,,
122_4_6.json,1768,Dialog,Hikaru,タタタタタタタ……。,Tatatatatata...,,,
122_4_6.json,1770,Dialog,Hikaru,走っていく光の後ろ姿が小さくなると、不安が,"As Hikaru's back grows smaller as he
runs",,,
122_4_6.json,1771,Dialog,Hikaru,少しずつ大きくなっていく。,"away, my anxiety gradually
increases.",,,
122_4_6.json,1772,Dialog,Hikaru,大丈夫なのかな……。,I wonder if it's okay...,,,
122_4_6.json,1777,Dialog,,人込みをかき分けるように、馨が走ってきた。,"Kaoru ran over, pushing through the
crowd.",,,
122_4_6.json,1784,Dialog,Kaoru,「……ハルヒ。ごめんね、遅れて」,...Haruhi. Sorry for being late.,,,
122_4_6.json,1786,Dialog,Haruhi,「あれ、光は？」,Where's Hikaru?,,,
122_4_6.json,1794,Dialog,Kaoru,「どうしても行きたくないって」,I really don't want to go.,,,
122_4_6.json,1796,Dialog,Haruhi,「そっか……」,Right...,,,
122_4_6.json,1801,Dialog,Kaoru,「ハルヒが悪いんじゃないよ。……八つ当たり,It's not Haruhi's fault... More,,,
122_4_6.json,1802,Dialog,Kaoru,みたいなもんかな」,like I'm taking it out on her.,,,
122_4_6.json,1803,Dialog,Kaoru,そう言って馨は、光の様子を教えてくれた。,"Kaoru told me about Hikaru's
condition.",,,
122_4_6.json,1812,Dialog,Hikaru,「僕、行かない。馨ひとりで行けば？」,"I'm not going. Why don't Kaoru go
alone?",,,
122_4_6.json,1814,Dialog,Kaoru,「ダメだってば。ちゃんと仲直りしようって、,"Come on, we promised",,,
122_4_6.json,1815,Dialog,Kaoru,約束したでしょ？」,to make up.,,,
122_4_6.json,1824,Dialog,Hikaru,「行かないったら行かない！　仲直りなんてし,I'm not going! I'm not,,,
122_4_6.json,1825,Dialog,Hikaru,てやるもんか！！」,making up with them!!,,,
122_4_6.json,1834,Dialog,Kaoru,「ま、そーいうワケだから」,"Well, that's how it is.",,,
122_4_6.json,1836,Dialog,Haruhi,「朝からずっと？」,Since morning?,,,
122_4_6.json,1841,Dialog,Kaoru,「そうだよ。でも、本気じゃないからね。光っ,That's right. But I'm not serious.,,,
122_4_6.json,1842,Dialog,Kaoru,て、ハルヒのことかなり気に入ってるからさ」,Hikaru really likes Haruhi.,,,
122_4_6.json,1844,Dialog,Haruhi,「そうなの？」,Really?,,,
122_4_6.json,1845,Dialog,Haruhi,気に入ってるって言われると、『おもちゃ』み,It might be creepy if someone,,,
122_4_6.json,1846,Dialog,Haruhi,たいでイヤかもしれない。,says they like you.,,,
122_4_6.json,1848,Dialog,Haruhi,「……えっと、それじゃあどうしよ？　今日は,"...Well then, what should we",,,
122_4_6.json,1849,Dialog,Haruhi,もう帰る？」,do? Should we go home today?,,,
122_4_6.json,1857,Dialog,Kaoru,「ううん。せっかく庶民デパートまで来たんだ,"No way. Since we came all this way
to the commoner",,,
122_4_6.json,1858,Dialog,Kaoru,し、案内してくれない？」,"department store, won't you show me
around?",,,
122_4_6.json,1860,Dialog,Haruhi,「いいよ。じゃあ、行こっか」,「Sure. Let's go then.」,,,
122_4_6.json,1865,Dialog,Kaoru,「よろしくね」,Nice to meet you.,,,
122_4_6.json,1866,Dialog,Kaoru,そう言って馨は笑ったけど、少しだけ寂しそう,"Kaoru laughed like that, but",,,
122_4_6.json,1867,Dialog,Kaoru,に見えた。,he looked a little lonely.,,,
122_4_6.json,1884,Dialog,Haruhi,「どこか見たいところある？」,Got somewhere you wanna go?,,,
122_4_6.json,1892,Dialog,Kaoru,「……え、うん。すごく込んでるね……」,"...Oh, yeah. It's really crowded...",,,
122_4_6.json,1894,Dialog,Haruhi,「日曜日はもっと込むよ」,It'll be busier on Sunday.,,,
122_4_6.json,1899,Dialog,Kaoru,「ふーん、そうなんだ」,"Hmm, really?",,,
122_4_6.json,1901,Dialog,Kaoru,つぶやきながら、馨はあたりを見回す。でも、,"Musing to himself, Kaoru looks
around. But",,,
122_4_6.json,1902,Dialog,Kaoru,興味があるって言うより、ぼんやりながめてる,it seems more like he's just staring,,,
122_4_6.json,1903,Dialog,Kaoru,だけって感じ。,"blankly than actually showing
interest.",,,
122_4_6.json,1904,Dialog,Kaoru,光と一緒なら、はしゃいで手がつけられなさそ,I doubt I'll be able to do anything,,,
122_4_6.json,1905,Dialog,Kaoru,うなのに。,if Hikaru's with me.,,,
122_4_6.json,1907,Dialog,,あ、そっか。光のことが気になってるんだ。そ,"Oh, I see. You're worried about",,,
122_4_6.json,1908,Dialog,,れなら――。,Hikaru. In that case--.,,,
122_4_6.json,1915,Dialog,Haruhi,「ねえ馨。光にお土産、買っていってあげな,Hey Kaoru. Won't you buy,,,
122_4_6.json,1916,Dialog,Haruhi,い？」,Hikaru a souvenir?,,,
122_4_6.json,1921,Dialog,Kaoru,「……ハルヒ」,「...Haruhi」,,,
122_4_6.json,1923,Dialog,Haruhi,「じゃあ、物産展に行こっか」,「Then let's go to the festival.」,,,
122_4_6.json,1930,Dialog,,そう言うと、馨はいつもの笑顔でうなずいた。,Kaoru smiled as usual and nodded.,,,
122_4_6.json,1934,Dialog,,人の流れにあわせて会場を歩きながら、光のお,Walk around the venue with the,,,
122_4_6.json,1935,Dialog,,土産を探す。,crowd and look for souvenirs.,,,
122_4_6.json,1936,Dialog,,お土産になりそうな物はたくさんあるけど、光,"There are lots of souvenirs to
choose",,,
122_4_6.json,1937,Dialog,,が好きそうかなって思うと……、違うような気,"from, but I'm not sure if",,,
122_4_6.json,1938,Dialog,,もする。,Hikaru would like any of them...,,,
122_4_6.json,1939,Dialog,,あ、山芋の漬け物……。おいしそうだけど、,"Oh, mountain yam pickles... They
look",,,
122_4_6.json,1940,Dialog,,『そんなダッサイもんイラナイ』とか言われそ,"good, but I feel like someone would",,,
122_4_6.json,1941,Dialog,,うだなあ。,"say something like ""That's so lame.""",,,
122_4_6.json,1943,Dialog,Clerk,「試食はどうですかー？」,Try it~?,,,
122_4_6.json,1945,Dialog,Haruhi,「あ、いただきます」,Thanks.,,,
122_4_6.json,1946,Dialog,Haruhi,もぐもぐ……。,Munch munch...,,,
122_4_6.json,1948,Dialog,Haruhi,ん、おいしい。これ買って、光がいらないって,"Mm, it's good. I'll buy this and eat
it myself",,,
122_4_6.json,1949,Dialog,Haruhi,言ったら自分で食べよう。,if I tell Hikaru I don't need him.,,,
122_4_6.json,1951,Dialog,Haruhi,「すみません、これ２袋ください」,"Excuse me, can I have two bags of
this?",,,
122_4_6.json,1953,Dialog,Clerk,「ハーイ。毎度どうもー♪」,Hi there~ Thanks as always♪,,,
122_4_6.json,1954,Dialog,Clerk,漬け物を包んでもらって受け取ったとき、馨の,"When I received the pickles and
wrapped",,,
122_4_6.json,1955,Dialog,Clerk,姿が見当たらないことに気づいた。,"them up, I noticed Kaoru wasn't
around.",,,
122_4_6.json,1956,Dialog,Clerk,……買い物に夢中で、すっかり忘れてた。,"...I was so focused on shopping, I
completely forgot.",,,
122_4_6.json,1959,Dialog,Kaoru,「ハルヒー！」,Haruhi!,,,
122_4_6.json,1961,Dialog,Haruhi,「……馨？」,「......Kaoru?」,,,
122_4_6.json,1962,Dialog,Haruhi,声の方向に目を向けると、少し離れたところか,"Looking in the direction of the
voice, I saw",,,
122_4_6.json,1963,Dialog,Haruhi,ら馨が手を振っていた。,"Kaoru waving from a little distance
away.",,,
122_4_6.json,1966,Dialog,Kaoru,「これ食べてみなよ。大人気なんだってさ」,Taste this! It's super popular!,,,
122_4_6.json,1969,Dialog,Haruhi,「……何これ？」,What's this?,,,
122_4_6.json,1970,Dialog,Haruhi,馨の手には、ピンクの粒が入ったあやしげなソ,"Kaoru's hand holds a
suspicious-looking",,,
122_4_6.json,1971,Dialog,Haruhi,フトクリームが握られている。,soft cream with pink pellets.,,,
122_4_6.json,1972,Dialog,Haruhi,これが、大人気？　あんまりおいしそうには見,"This is what's popular? It doesn't
look",,,
122_4_6.json,1973,Dialog,Haruhi,えないし、なんとなく油っぽそう。,that tasty and seems kinda greasy.,,,
122_4_6.json,1976,Dialog,Kaoru,「この粒、大トロなんだよ。高級アイスだって,"These are pieces of otoro. The shop
clerk",,,
122_4_6.json,1977,Dialog,Kaoru,お店の人が言ってた」,said this is high-end ice cream.,,,
122_4_6.json,1980,Dialog,Haruhi,「大トロ……」,Swordfish...,,,
122_4_6.json,1981,Dialog,Haruhi,あのピンクの粒が大トロ。――そう思うと、自,"Those pink grains are fatty tuna. --
Thinking",,,
122_4_6.json,1982,Dialog,Haruhi,然と手が出てしまう。,"that makes me reach for them
naturally.",,,
122_4_6.json,1984,Dialog,Kaoru,「はい、どうぞ」,Here you go.,,,
122_4_6.json,1986,Dialog,Haruhi,「ありがと……」,「Thanks...」,,,
122_4_6.json,1988,Dialog,Haruhi,アイスを受け取って、ぺろっとひと口なめてみ,Take the ice cream,,,
122_4_6.json,1989,Dialog,Haruhi,る。,and lick it.,,,
122_4_6.json,1996,Dialog,Kaoru,「ね？　おいしい？」,Taste good?,,,
122_4_6.json,2001,Dialog,Haruhi,「…………おいしい……」,......It's good...,,,
122_4_6.json,2010,Dialog,Kaoru,「ウソでしょ！？　どう考えてもアイスに大ト,No way! There's no way fatty,,,
122_4_6.json,2011,Dialog,Kaoru,ロなんて合うわけないよ！」,tuna goes with ice cream!,,,
122_4_6.json,2013,Dialog,Haruhi,「だから馨、自分の分は買わなかったんだ？」,So you didn't buy your own share?,,,
122_4_6.json,2018,Dialog,Kaoru,「…………ま、まあね」,Well... yeah.,,,
122_4_6.json,2019,Dialog,Kaoru,まったく、すぐ人をおもちゃにしようとするん,You really do want to use people,,,
122_4_6.json,2020,Dialog,Kaoru,だから。,"as toys right away, don't you?",,,
122_4_6.json,2022,Dialog,Haruhi,「はい、ひと口どうぞ」,"Here, have a bite.",,,
122_4_6.json,2030,Dialog,Kaoru,「ぼ、僕はいいよ」,I'm fine.,,,
122_4_6.json,2032,Dialog,Haruhi,「大丈夫、本当においしいんだって」,"It's okay, it really is delicious.",,,
122_4_6.json,2033,Dialog,Haruhi,ぐいっとアイスを口元に突き出す――。,"Push the ice cream towards your
mouth.",,,
122_4_6.json,2038,Dialog,Kaoru,「……おいしくなかったら、罰ゲームだよ？」,"Is there gonna be a punishment if I
don't like it?",,,
122_4_6.json,2040,Dialog,Haruhi,「やだよ、何でそんな……」,"Eww, why are you being so...?",,,
122_4_6.json,2047,Dialog,,馨は笑って、アイスに口をつけた。,"Kaoru smiled and took a bite of his
ice cream.",,,
122_4_6.json,2049,Dialog,Haruhi,「……どう？」,...How?,,,
122_4_6.json,2059,Dialog,Kaoru,「ほんとだ……、おいしい」,Really... delicious.,,,
122_4_6.json,2061,Dialog,Haruhi,「でしょ？」,Aren't I right?,,,
122_4_6.json,2069,Dialog,Kaoru,「……やっぱり、光も連れてくれば良かった」,"I guess I should have brought Hikaru
too.",,,
122_4_6.json,2071,Dialog,Kaoru,ぽつりと、馨がつぶやく。,Kaoru mutters.,,,
122_4_6.json,2073,Dialog,Haruhi,「じゃあ、今度は３人で来よっか」,"「Then let's come next time with
three people!」",,,
122_4_6.json,2077,Dialog,Haruhi,そうだね、と馨はうれしそうにうなずいた。,Kaoru nodded happily.,,,
122_4_6.json,2085,Dialog,,光へのお土産も買い終わって、そろそろ帰ろう,"Just as I was about to leave with
Hikaru's souvenirs,",,,
122_4_6.json,2086,Dialog,,というとき、後ろから服を引っ張られた。,"someone grabbed my clothes from
behind.",,,
122_4_6.json,2088,Dialog,Haruhi,「え、何？」,Huh? What?,,,
122_4_6.json,2090,Dialog,boy,「ひっく、おにいちゃん……」,"Sneeze, big brother...",,,
122_4_6.json,2091,Dialog,boy,ふり返ってみると、小さな男の子が自分の服を,"Looking back, there was a little",,,
122_4_6.json,2092,Dialog,boy,にぎって立っていた。,boy holding my clothes.,,,
122_4_6.json,2099,Dialog,Kaoru,「もしかして、ハルヒの弟？」,Could it be Haruhi's little brother?,,,
122_4_6.json,2101,Dialog,Haruhi,「……そんなわけないじゃん」,That's not true.,,,
122_4_6.json,2104,Dialog,boy,「おにいちゃん……、いなく、なったの……」,「Big brother... disappeared...」,,,
122_4_6.json,2105,Dialog,boy,お兄ちゃんと一緒にいたけど、はぐれて迷子に,I got lost while hanging,,,
122_4_6.json,2106,Dialog,boy,なっちゃったんだ。,out with my brother.,,,
122_4_6.json,2108,Dialog,Haruhi,「泣かないで――」,Don't cry--,,,
122_4_6.json,2115,Dialog,Kaoru,「僕らが一緒に捜してあげるから」,I'll help you look for it.,,,
122_4_6.json,2117,Dialog,Haruhi,「馨……」,「Kaoru...」,,,
122_4_6.json,2122,Dialog,Kaoru,「いいよね。お兄ちゃんだって、きっと心配し,"It's okay. Big brother must be
worried and",,,
122_4_6.json,2123,Dialog,Kaoru,て捜してるからすぐに見つかるよ」,"looking for you, so we'll find him
soon.",,,
122_4_6.json,2125,Dialog,Haruhi,「うん、そうだね」,"Yeah, that's right",,,
122_4_6.json,2127,Dialog,Haruhi,それじゃあ捜しに行こう――、と思ったとき。,"Just as I was about to go look for
her--,",,,
122_4_6.json,2129,Dialog,Haruhi,一緒にいる男の子とそっくりの子が、おもちゃ,A boy running frantically through,,,
122_4_6.json,2130,Dialog,Haruhi,売り場を必死になって走っている姿が視界に入っ,the toy section looks,,,
122_4_6.json,2131,Dialog,Haruhi,た。,just like the guy I'm with.,,,
122_4_6.json,2133,Dialog,Haruhi,「馨、お兄ちゃんって、あの子じゃない？」,"Kaoru, isn't that brother you're
talking about?",,,
122_4_6.json,2141,Dialog,Kaoru,「え？　どこ？」,Huh? Where?,,,
122_4_6.json,2143,Dialog,Haruhi,「向こうのおもちゃ売り場のところ」,Head to the toy section over there.,,,
122_4_6.json,2151,Dialog,Kaoru,「――あ！　ホントだ」,--Ah! You're right.,,,
122_4_6.json,2153,Dialog,Kaoru,馨は男の子のとなりでヒザをついて、おもちゃ,Kaoru crouches next to the boy,,,
122_4_6.json,2154,Dialog,Kaoru,売り場を指差す。,and points at the toy section.,,,
122_4_6.json,2157,Dialog,Kaoru,「ほら、すごく心配して捜してる。……転ぶな,"Hey, I'm really worried and looking
for",,,
122_4_6.json,2158,Dialog,Kaoru,よ」,you. ...Be careful and don't fall.,,,
122_4_6.json,2159,Dialog,Kaoru,馨が優しく送り出すと、男の子はお兄ちゃんに,"Kaoru sent him off gently, and the
boy",,,
122_4_6.json,2160,Dialog,Kaoru,向かって、まっすぐに走っていった。,ran straight toward his brother.,,,
122_4_6.json,2162,Dialog,Kaoru,馨は、男の子がお兄ちゃんに抱きついて泣いて,"Kaoru was staring intently at the
boy",,,
122_4_6.json,2163,Dialog,Kaoru,いるところを、じっと見つめていた。,crying while hugging his brother.,,,
122_4_6.json,2165,Dialog,Kaoru,「兄弟はやっぱり、一緒じゃないとね」,"We're just not the same without each
other.",,,
122_4_6.json,2166,Dialog,Kaoru,そうつぶやく馨の目には、うっすらと涙が浮か,Kaoru's eyes are misted over,,,
122_4_6.json,2167,Dialog,Kaoru,んでいる。,with tears as he mutters.,,,
122_4_6.json,2176,Dialog,Kaoru,「ごめん、少し……」,"Sorry, just a sec...",,,
122_4_6.json,2179,Dialog,Kaoru,「ちょっと待って……」,Wait a second...,,,
122_4_6.json,2184,Dialog,Kaoru,「ありがと、ハルヒ……」,"「Thanks, Haruhi...」",,,
122_4_6.json,2185,Dialog,Kaoru,ハンカチでそっと涙をふくと、馨は恥ずかしそ,Kaoru wiped his tears gently with a,,,
122_4_6.json,2186,Dialog,Kaoru,うに微笑んだ。,handkerchief and smiled bashfully.,,,
122_4_6.json,2188,Dialog,Kaoru,「……変なとこ、見られちゃったね」,You saw me in an awkward spot...,,,
122_4_6.json,2190,Dialog,Haruhi,「そんなことないよ。馨が意外と面倒見がいいっ,"I don't think so. I found out
Kaoru's",,,
122_4_6.json,2191,Dialog,Haruhi,てわかったし」,pretty good at looking after people.,,,
122_4_6.json,2193,Dialog,Kaoru,「そんなこと……」,I can't do such a thing...,,,
122_4_6.json,2195,Dialog,Haruhi,「あの子たち、２人とも会えて良かったね」,I'm glad I got to meet both of them.,,,
122_4_6.json,2197,Dialog,Kaoru,「……うん」,「...Yeah.」,,,
122_4_6.json,2205,Dialog,Kaoru,「……さっきのはさ、２人だけの秘密にしてお,Keep what just happened,,,
122_4_6.json,2206,Dialog,Kaoru,いてよ」,between us.,,,
122_4_6.json,2207,Dialog,Kaoru,恥ずかしそうに馨がつぶやく。,Kaoru mutters sheepishly.,,,
122_4_6.json,2209,Dialog,Haruhi,「秘密になんかしなくても、誰にも言わない,"I won't tell anyone, so there's",,,
122_4_6.json,2210,Dialog,Haruhi,よ？」,no need to keep it a secret.,,,
122_4_6.json,2216,Dialog,Kaoru,「それじゃあ、約束」,Then let's make a promise.,,,
122_4_6.json,2218,Dialog,Haruhi,「別にいいけど」,Whatever.,,,
122_4_6.json,2219,Dialog,Haruhi,約束なんて大げさだなあと思っていると――。,"I think it's an overreaction to make
promises... --",,,
122_4_6.json,2220,Dialog,Haruhi,ピリリリリリリリリリリ。,Beep-beep-beep!,,,
122_4_6.json,2228,Dialog,Kaoru,「たぶん光だよ。帰りが遅いから、心配になっ,I think it's Hikaru. He was worried,,,
122_4_6.json,2229,Dialog,Kaoru,てかけてきたんだ」,because he got home late.,,,
122_4_6.json,2236,Dialog,,そう言って笑いながら、馨は携帯電話を取り出,"Laughing, Kaoru pulls",,,
122_4_6.json,2237,Dialog,,す。,out his cell phone.,,,
122_4_6.json,2242,Dialog,Kaoru,「もしもし、光――。え？　鏡夜先輩……。あ、,Hello? Hikaru--. Eh? Kyoya-senpai...,,,
122_4_6.json,2243,Dialog,Kaoru,はい……」,"Oh, right...",,,
122_4_6.json,2245,Dialog,Kaoru,……どうしたんだろう。鏡夜先輩から電話なん,...I wonder what's up. It's rare for,,,
122_4_6.json,2246,Dialog,Kaoru,て。馨は難しい顔をして、何度か相づちを打っ,Otori-senpai to call. Kaoru looks,,,
122_4_6.json,2247,Dialog,Kaoru,てばかりだし。,serious and just keeps nodding.,,,
122_4_6.json,2251,Dialog,Kaoru,「光には――、はい。……わかりました」,Fine... I understand.,,,
122_4_6.json,2252,Dialog,Kaoru,沈んだ声でつぶやいて、馨は電話を切った。,"Kaoru muttered in a low voice and
hung up.",,,
122_4_6.json,2259,Dialog,Kaoru,「ホスト部の一時活動停止の処分が解けるんだ,"The Host Club's temporary suspension
might be lifted,",,,
122_4_6.json,2260,Dialog,Kaoru,けど、理事長が交代するかもしれないって」,"but the board of directors might
change.",,,
122_4_6.json,2262,Dialog,Haruhi,「それ、どういうこと？」,What is that supposed to mean?,,,
122_4_6.json,2270,Dialog,Kaoru,「それは……。これから、鏡夜先輩のところに,That's right... I'll go,,,
122_4_6.json,2271,Dialog,Kaoru,行って聞いてくるよ」,ask Kyoya-senpai now.,,,
122_4_6.json,2273,Dialog,Haruhi,「じゃあ、自分も一緒に行く」,「Then I'll go with you.」,,,
122_4_6.json,2278,Dialog,Kaoru,「……ごめん」,...Sorry.,,,
122_4_6.json,2280,Dialog,Kaoru,そう言って、馨は目をそらしてしまった。,Kaoru looked away.,,,
122_4_6.json,2282,Dialog,Kaoru,すごく気になるけど……。,I'm really curious... but.,,,
122_4_6.json,2285,Dialog,Haruhi,「自分にも、ちゃんと説明してくれるよね」,"You'll explain it to me properly
too, right?",,,
122_4_6.json,2292,Dialog,Kaoru,「うん。……じゃあ、学校でね」,"Okay... then, see you at school.",,,
122_4_6.json,2294,Dialog,Kaoru,タタタタタタタ……。,Tatatatatata...,,,
122_4_6.json,2296,Dialog,Kaoru,走っていく馨の後ろ姿が小さくなると、不安が,"As Kaoru's back grows smaller as he
runs",,,
122_4_6.json,2297,Dialog,Kaoru,少しずつ大きくなっていく。,"away, my anxiety gradually
increases.",,,
122_4_6.json,2298,Dialog,Kaoru,大丈夫なのかな……。,I wonder if it's okay...,,,
122_4_6.json,2304,Dialog,,待ち合わせの５分前についたけど、ハニー先輩,"I arrived five minutes early for our
meeting, but",,,
122_4_6.json,2305,Dialog,,とモリ先輩の姿は……、ない。,"there's no sign of Honey-senpai or
Mori-senpai.",,,
122_4_6.json,2306,Dialog,,まだ来てないなのかな？　そう思って周りを見,I wonder if she's not here,,,
122_4_6.json,2307,Dialog,,渡すと――。,yet? Looking around...,,,
122_4_6.json,2325,Dialog,Honey,「ハールちゃん♪」,「Haru-chan♪」,,,
122_4_6.json,2326,Dialog,Honey,柱の陰から、ハニー先輩が顔を出した。,"Senior Honey poked his head out from
behind the pillar.",,,
122_4_6.json,2328,Dialog,Haruhi,「あれ？　自分よりも早く来てたんですね、す,Oh? You were here,,,
122_4_6.json,2329,Dialog,Haruhi,みません」,before me. Sorry.,,,
122_4_6.json,2337,Dialog,Honey,「僕もさっき着いたところだよ」,I just got here too.,,,
122_4_6.json,2339,Dialog,Haruhi,「そうなんですか。……ところで、モリ先輩,"That so? ...By the way,",,,
122_4_6.json,2340,Dialog,Haruhi,は？」,where's Mori-senpai?,,,
122_4_6.json,2345,Dialog,Honey,「ん〜、あのねえ」,Hmm~ Well...,,,
122_4_6.json,2346,Dialog,Honey,ハニー先輩の説明によると――。,According to Honey-senpai--.,,,
122_4_6.json,2355,Dialog,Mori,「アハハハハハ！　ごめんな光邦。急に家の用,"「HAHAHAHA! Sorry, Honey. I can't",,,
122_4_6.json,2356,Dialog,Mori,事で行けなくなってさ。ハルヒにもヨロシク言っ,go home because of an emergency.,,,
122_4_6.json,2357,Dialog,Mori,といて☆」,Please tell Haruhi for me☆」,,,
122_4_6.json,2365,Dialog,Mori,「この借りは、１０００万倍にして返すからソー,I'll pay you back a thousand,,,
122_4_6.json,2366,Dialog,Mori,リーな！」,million times! I'm sorry!,,,
122_4_6.json,2375,Dialog,Mori,「俺の分まで楽しんできてくれよ、チャオ☆」,"Have fun for me too, ciao!",,,
122_4_6.json,2384,Dialog,Honey,「だから今日は僕ひとりなの。ごめんね、ハル,So it's just me today.,,,
122_4_6.json,2385,Dialog,Honey,ちゃん」,"Sorry, Haru-chan.",,,
122_4_6.json,2387,Dialog,Honey,モリ先輩は、そんな言い方をしてないと思いま,"I don't think Morino Senpai said it
like",,,
122_4_6.json,2388,Dialog,Honey,す。来れない理由は事実だとして――。,"that. Even if what he said is
true...",,,
122_4_6.json,2397,Dialog,Mori,「ごめんねー、ハルヒ」,"I'm sorry, Haruhi.",,,
122_4_6.json,2405,Dialog,Mori,「ものすごく行きたかったんだけど、どうして,"I really wanted to go, but I have
something",,,
122_4_6.json,2406,Dialog,Mori,も外せない用事ができちゃってね」,important that I can't miss.,,,
122_4_6.json,2414,Dialog,Mori,「だから俺の分まで、光邦と遊んできてくれな,"Hey, can you hang out with Honey for
me",,,
122_4_6.json,2415,Dialog,Mori,いかな。今度、埋め合わせするからさ」,"too? I'll make it up to you next
time.",,,
122_4_6.json,2417,Dialog,Mori,……こんな感じ、でもないか。,"...Not quite like this, though.",,,
122_4_6.json,2418,Dialog,Mori,いつものモリ先輩なら――。,That's just like Mori-senpai--!,,,
122_4_6.json,2425,Dialog,Mori,「……すまない光邦。家の用事で行けなくなっ,"...Sorry, Honey. I can't go",,,
122_4_6.json,2426,Dialog,Mori,てしまった」,because of family matters.,,,
122_4_6.json,2434,Dialog,Mori,「ハルヒにも、すまないと伝えてくれ」,Tell Haruhi I'm sorry too.,,,
122_4_6.json,2442,Dialog,,こんな感じじゃないのかな。,Isn't it something like this?,,,
122_4_6.json,2447,Dialog,Honey,「ほら、ハルちゃん行こう！」,"「C'mon, Haru-chan, let's go!」",,,
122_4_6.json,2449,Dialog,Haruhi,「わ、わかりましたから、そんなに引っ張らな,"I get it, so stop",,,
122_4_6.json,2450,Dialog,Haruhi,いでくださいよ」,dragging on.,,,
122_4_6.json,2456,Dialog,Honey,「ぶっさん、ぶっさん、ぶっさんてーん！　お,"Bu-san, Bu-san, Bu-san~! There's",,,
122_4_6.json,2457,Dialog,Honey,いしいものがいーっぱい！」,lots of yummy food!,,,
122_4_6.json,2459,Dialog,Honey,ハニー先輩から、絶対に目を離さないようにし,I have to keep an eye,,,
122_4_6.json,2460,Dialog,Honey,ないと……。,on Honey-senpai...,,,
122_4_6.json,2469,Dialog,Haruhi,「すごく込んでますから、あんまり離れないよ,Please don't wander off too,,,
122_4_6.json,2470,Dialog,Haruhi,うにしてくださいね」,far. It's very crowded.,,,
122_4_6.json,2477,Dialog,Honey,「うん、だいじょーぶ。ねえねえハルちゃん。,"Yeah, it's okay. Hey, Haru-chan.",,,
122_4_6.json,2478,Dialog,Honey,崇にお土産買っていってあげようね！」,Let's buy Takashi some souvenirs!」,,,
122_4_6.json,2480,Dialog,Haruhi,「あはは……、そうですね」,Haha... You're right.,,,
122_4_6.json,2482,Dialog,Haruhi,ホントに、大丈夫なのかなあ。,Are you sure you're okay?,,,
122_4_6.json,2490,Dialog,Honey,「わあ、すごーーーーい！　おいしいものがいっ,"Waa, soo~ooo~ good! There looks",,,
122_4_6.json,2491,Dialog,Honey,ぱいありそう！！」,like lots of yummy stuff!!,,,
122_4_6.json,2495,Dialog,Honey,物産展の会場入り口で、ハニー先輩は目をキラ,"At the entrance of the fair,",,,
122_4_6.json,2496,Dialog,Honey,キラさせた。,Honey-senpai's eyes sparkled.,,,
122_4_6.json,2498,Dialog,,確かにおいしそうな匂いもしてるけど、この人,The food does smell good...,,,
122_4_6.json,2499,Dialog,,込みは……。,but this crowd is...,,,
122_4_6.json,2501,Dialog,Haruhi,「迷子になると大変ですから、あまり離れない,Don't wander off too far or,,,
122_4_6.json,2502,Dialog,Haruhi,ようにしま……、って！」,we'll have trouble... Wait!,,,
122_4_6.json,2504,Dialog,Honey,「これ、食べていいの？」,Can I eat this?,,,
122_4_6.json,2506,Dialog,Clerk,「はい、どうぞ」,Here you go.,,,
122_4_6.json,2507,Dialog,Clerk,もうあんなところで、シュークリームの試食し,I'm already tasting,,,
122_4_6.json,2508,Dialog,Clerk,てるし……。,cream puffs there...,,,
122_4_6.json,2515,Dialog,Honey,「いっただっきまーす♪」,Bon appetit~!,,,
122_4_6.json,2517,Dialog,Haruhi,「いいですか？　迷子になったら、もう２度と,Listen carefully? If you get,,,
122_4_6.json,2518,Dialog,Haruhi,会えないかもしれないんですから、気をつけて,"lost, we might never see each",,,
122_4_6.json,2519,Dialog,Haruhi,くださいよ」,"other again, so be careful!",,,
122_4_6.json,2528,Dialog,Honey,「あーむ……。ん〜、わかってるよ」,Ahhm... I see.,,,
122_4_6.json,2529,Dialog,Honey,本当にわかってくれてるならいいんだけど。,"I'll be fine if you really
understand.",,,
122_4_6.json,2535,Dialog,Honey,「ハルちゃん、これすっごくおいしいよ！　ハ,"Haru-chan, this is super delicious!",,,
122_4_6.json,2536,Dialog,Honey,ルちゃんも食べる？」,"Want some, Haru-chan?",,,
122_4_6.json,2538,Dialog,Haruhi,「じゃあひとつ、……あむ」,"「Then one, ... *sucks*」",,,
122_4_6.json,2539,Dialog,Haruhi,もぐもぐ……。,Munch munch...,,,
122_4_6.json,2541,Dialog,Honey,「ね？　ね？　どーお？」,Hmm? Hm? How was it?,,,
122_4_6.json,2543,Dialog,Haruhi,「甘さがしつこくなくて、おいしいですね」,"It's sweet but not cloying. It
tastes good.",,,
122_4_6.json,2548,Dialog,Honey,「でしょ？　うんうん、良かったねえ」,"See? Yeah, yeah, good job~",,,
122_4_6.json,2552,Dialog,Clerk,「当店のシュークリームは、甘さ控え目のカス,Our cream puffs feature a mildly,,,
122_4_6.json,2553,Dialog,Clerk,タードクリームとクッキー生地のほどよい歯ざ,sweet custard filling and cookie,,,
122_4_6.json,2554,Dialog,Clerk,わりが人気なんです」,dough with just the right crunch!,,,
122_4_6.json,2556,Dialog,Haruhi,「あ、はい……」,"Ah, yes...",,,
122_4_6.json,2558,Dialog,Clerk,「口に入れると広がるバニラの香り。さらにひ,"The vanilla scent that spreads in
your mouth.",,,
122_4_6.json,2559,Dialog,Clerk,と口で食べられるところが、女性の心をわしづ,"And the fact you can eat it in one
bite",,,
122_4_6.json,2560,Dialog,Clerk,かみにして離さないんです」,"captures women's hearts and never
lets go.",,,
122_4_6.json,2562,Dialog,Clerk,「ああ、そうそう。それにですね、カロリーも,"Oh, right. And also, it's low",,,
122_4_6.json,2563,Dialog,Clerk,控え目になっておりますので、ダイエットされ,"in calories, so those of you",,,
122_4_6.json,2564,Dialog,Clerk,ている方にも安心して……」,on a diet can rest assured...,,,
122_4_6.json,2565,Dialog,Clerk,止まることなく続く、店員さんの説明……。こ,"The staff's explanation just keeps
going... I might",,,
122_4_6.json,2566,Dialog,Clerk,れは、買わないと動けないかも。,"have to buy something to get out of
here.",,,
122_4_6.json,2568,Dialog,Haruhi,「ハニー先輩、何個か買います――、か！？」,"Senior Honey, I'll buy some--!?)",,,
122_4_6.json,2571,Dialog,Haruhi,となりにいたはずのハニー先輩の姿がなかった。,"There was no sign of Honey-senpai
next to me.",,,
122_4_6.json,2572,Dialog,Haruhi,離れないようにって言ったのに！,I told you not to let go!,,,
122_4_6.json,2574,Dialog,Haruhi,「すみません、あとで買いにきますから！」,"Sorry, I'll come buy it later!",,,
122_4_6.json,2576,Dialog,Clerk,「お待ちしてまーす」,Waiting for you~!,,,
122_4_6.json,2577,Dialog,Clerk,タタタタタタタ……。,Tatatatatata...,,,
122_4_6.json,2579,Dialog,Clerk,どこにいったのかなあ……。,I wonder where she went...,,,
122_4_6.json,2580,Dialog,Clerk,ハニー先輩を１人にしたら、甘い物の試食がぜ,"If I leave Honey-senpai alone,",,,
122_4_6.json,2581,Dialog,Clerk,んぶ食べつくされてしまうかもしれない。,he might eat all the sweets.,,,
122_4_6.json,2582,Dialog,Clerk,まあ、それはいいとして……。なんだろう、向,"Well, that aside... There seems",,,
122_4_6.json,2583,Dialog,,こうのほうに人が集まってるみたいだけど……。,to be a crowd over there...,,,
122_4_6.json,2584,Dialog,,イヤな予感がするなあ――。,I have a bad feeling...,,,
122_4_6.json,2586,Dialog,Honey,「うっ、えっく……」,"Uw, eck...",,,
122_4_6.json,2588,Dialog,Haruhi,「ハニー先輩！？」,Honey-senpai!?,,,
122_4_6.json,2589,Dialog,Haruhi,やっぱりというか、なんというか……。人垣の,"As expected... or rather...
Honey-senpai",,,
122_4_6.json,2590,Dialog,Haruhi,真ん中で、ハニー先輩が泣いていた。,"was crying in the middle of the
crowd.",,,
122_4_6.json,2593,Dialog,Honey,「ハルちゃーーーーーーーん！」,Haru-chan!,,,
122_4_6.json,2594,Dialog,Honey,自分の姿を見つけると、ハニー先輩は小犬みた,"As soon as he spots me, Honey-senpai
runs",,,
122_4_6.json,2595,Dialog,Honey,いに走ってきて、抱きついてきた。,"over like a little puppy and hugs
me.",,,
122_4_6.json,2597,Dialog,Haruhi,「だから離れちゃダメだって、あれだけ言った,That's why I told you not,,,
122_4_6.json,2598,Dialog,Haruhi,じゃないですか」,"to leave, didn't I?",,,
122_4_6.json,2601,Dialog,Honey,「ごめんねハルちゃん。ぼく、僕……」,"「Sorry, Haru-chan. I... I...」",,,
122_4_6.json,2603,Dialog,Haruhi,「もういいですよ。今度からは気をつけてくだ,"Okay, that's enough. Please",,,
122_4_6.json,2604,Dialog,Haruhi,さいね」,be more careful next time.,,,
122_4_6.json,2606,Dialog,Honey,「……うん、わかった」,"... Okay, got it.",,,
122_4_6.json,2607,Dialog,Honey,とにかく、無事に見つかって良かった。,I'm just glad you're safe.,,,
122_4_6.json,2610,Dialog,auntie,「良かったわね、お姉ちゃんが見つかって」,I'm glad you found your sister.,,,
122_4_6.json,2612,Dialog,old man,「いい姉弟だのう……」,What a good brother and sister...,,,
122_4_6.json,2620,Dialog,Honey,「ハルちゃん、どうしたの？」,"What's wrong, Haru-chan?",,,
122_4_6.json,2622,Dialog,Haruhi,「……向こうにいきましょうか」,Shall we go over there?,,,
122_4_6.json,2624,Dialog,Haruhi,ハニー先輩の手を引いて、周りからの温かい視,"I took Honey-senpai's hand and left
the scene",,,
122_4_6.json,2625,Dialog,Haruhi,線から逃げるように、その場をあとにした。,to escape the warm gazes around us.,,,
122_4_6.json,2635,Dialog,Honey,「ふ〜、いっぱい食べたねえ」,"Phew, you ate a lot.",,,
122_4_6.json,2636,Dialog,Honey,満足そうなハニー先輩に、自分は笑顔を返す気,"I didn't have the energy to smile
back",,,
122_4_6.json,2637,Dialog,Honey,力がなかった。,"at Honey-senpai, who seemed
satisfied.",,,
122_4_6.json,2639,Dialog,Honey,あれから少し休憩したあと、改めて物産展の会,"After taking a little break, I",,,
122_4_6.json,2640,Dialog,Honey,場を歩いて……。,walked around the fair again...,,,
122_4_6.json,2641,Dialog,Honey,かわいさで店員さんたちを味方につけたハニー,Honey-senpai won over the staff with,,,
122_4_6.json,2642,Dialog,,先輩は、それはもう食べまくった。,his cuteness and ate like a pig.,,,
122_4_6.json,2643,Dialog,,甘いものから辛いものまで、四方八方から差し,I tried all the samples offered from,,,
122_4_6.json,2644,Dialog,,出される試食をすべて完食。自分も途中までは,"every direction, sweet and spicy
alike.",,,
122_4_6.json,2645,Dialog,,付き合ったけど――。,I went along with it for a while--.,,,
122_4_6.json,2647,Dialog,Haruhi,「うっ…………」,「Ugh...」,,,
122_4_6.json,2654,Dialog,Honey,「あれえ？　どうしたの、ハルちゃん」,"Hmm? What's wrong, Haru-chan?",,,
122_4_6.json,2657,Dialog,Haruhi,「イエ、ちょっと胸焼けが……」,"Yeah, I have a bit of heartburn...",,,
122_4_6.json,2662,Dialog,Honey,「ダメだよ食べすぎは。『腹八分（はらはち,"Stop overeating. Haven't you heard
of",,,
122_4_6.json,2663,Dialog,Honey,ぶ）』って言うでしょ？」,"'eat until you're eight-tenths
full'?",,,
122_4_6.json,2665,Dialog,Honey,「お腹いっぱいになるまで食べないで、ちょっ,Don't eat until you're full.,,,
122_4_6.json,2666,Dialog,Honey,と足りないかなっていうところにしなきゃ」,Leave a little room.,,,
122_4_6.json,2668,Dialog,Haruhi,「あははは……、これからは気をつけますね」,"Hahaha... I'll be more careful from
now on.",,,
122_4_6.json,2669,Dialog,Haruhi,ハニー先輩の腹八分は、どこにあるんでしょう,Where exactly is Honey-senpai's,,,
122_4_6.json,2670,Dialog,Haruhi,かね……。,eight-tenths full? ...,,,
122_4_6.json,2678,Dialog,Honey,「ねえハルちゃん。おいしいものも食べたし、,"Hey Haru-chan. We've had some good
food and bought",,,
122_4_6.json,2679,Dialog,Honey,崇のお土産も買ったし、そろそろ帰ろっか？」,"Takashi's souvenirs, so shall we
head back?",,,
122_4_6.json,2681,Dialog,Haruhi,「そうですね」,That's right.,,,
122_4_6.json,2683,Dialog,Haruhi,ご機嫌のハニー先輩と一緒に、物産展の会場を,I left the fair with cheerful,,,
122_4_6.json,2684,Dialog,Haruhi,あとにした。,Honey-senpai.,,,
122_4_6.json,2696,Dialog,Honey,「ふふふふ〜ふん♪」,Fufu~ *twinkle*,,,
122_4_6.json,2698,Dialog,Haruhi,「楽しかったですか？」,Did you have fun?,,,
122_4_6.json,2703,Dialog,Honey,「うん！　初めて来たけど、みんな親切だった,"Yeah! It was my first time here, but",,,
122_4_6.json,2704,Dialog,Honey,し楽しかったよ」,everyone was nice and I had fun.,,,
122_4_6.json,2706,Dialog,Haruhi,「親切……、ですか？」,Kindness... really?,,,
122_4_6.json,2712,Dialog,Honey,「みんな、いっぱい食べさせてくれたし。迷子,"Everyone fed me so much. And when I
got lost,",,,
122_4_6.json,2713,Dialog,Honey,になったときも、すっごく心配してくれたの」,"you guys were really worried about
me.",,,
122_4_6.json,2715,Dialog,Haruhi,「……そうみたいですね」,...That seems to be the case.,,,
122_4_6.json,2717,Dialog,Haruhi,あの人垣は野次馬っていうより、ハニー先輩を,"That crowd wasn't really gawking;
they",,,
122_4_6.json,2718,Dialog,Haruhi,心配する人たちの集まりみたいでしたから。,"seemed more worried about
Honey-senpai.",,,
122_4_6.json,2725,Dialog,Honey,「それにね、お店の人も、お客さんたちも、み,"And everyone, both staff and
customers,",,,
122_4_6.json,2726,Dialog,Honey,んなすっごく楽しそうに笑ってたよ」,was laughing so happily.,,,
122_4_6.json,2731,Dialog,Honey,「デパートには、笑顔がいっぱいだね……」,"There are so many smiles at the
department store...",,,
122_4_6.json,2732,Dialog,Honey,そう言って、ハニー先輩はにっこり笑う。,Honey-senpai smiles sweetly.,,,
122_4_6.json,2733,Dialog,Honey,笑顔っていえば、会場を回っている間、ハニー,"Speaking of smiles, while
Honey-senpai",,,
122_4_6.json,2734,Dialog,Honey,先輩はすすめられた試食をひとつも断らなかっ,"was walking around the venue, he",,,
122_4_6.json,2735,Dialog,Honey,たし……。,didn't turn down a single sample...,,,
122_4_6.json,2736,Dialog,Honey,それに、ちゃんとおいしいって笑って返してい,And she had smiled and,,,
122_4_6.json,2737,Dialog,Honey,たっけ。,said it tasted good.,,,
122_4_6.json,2739,Dialog,Haruhi,「はい、そうですね」,"Yeah, that's right",,,
122_4_6.json,2748,Dialog,Honey,「えへへ……。みんなが笑ってると、僕もうれ,"Hehe... When everyone's laughing,",,,
122_4_6.json,2749,Dialog,Honey,しくなるの」,I get happy too!,,,
122_4_6.json,2750,Dialog,Honey,たぶんこのデパートが特別なんじゃなくて――。,"I don't think this department store
is special...",,,
122_4_6.json,2751,Dialog,Honey,ハニー先輩の周りに、笑顔があふれているんだ。,"There are smiles all around
Honey-senpai!",,,
122_4_6.json,2753,Dialog,Haruhi,「ハニー先輩は、すごいですね」,"You're amazing, Honey-senpai.",,,
122_4_6.json,2761,Dialog,Honey,「僕ってすごいの？」,Am I that great?,,,
122_4_6.json,2763,Dialog,Haruhi,「ええ、すごいですよ」,"Yeah, it's amazing.",,,
122_4_6.json,2768,Dialog,Honey,「そっかあ、すごいんだあ」,"Wow, that's amazing!",,,
122_4_6.json,2769,Dialog,Honey,見た目は子どもっぽく見えるけど、ハニー先輩,Honey-senpai may look like a,,,
122_4_6.json,2770,Dialog,Honey,はやっぱり『先輩』なんだ。,"kid, but he's still a senpai.",,,
122_4_6.json,2771,Dialog,Honey,ピリリリリリリリリリ……。,Beep-beep-beep...,,,
122_4_6.json,2776,Dialog,,ハニー先輩のポケットから、携帯電話の着信音,Honey-senpai's pocket rang,,,
122_4_6.json,2777,Dialog,,が鳴りひびいた。,with a cell phone ringtone.,,,
122_4_6.json,2785,Dialog,Honey,「あ、僕のだ。ん〜と、ちょっと待ってねえ。,"Ah, it's mine. Hm... Just a moment.",,,
122_4_6.json,2786,Dialog,Honey,……もっしもーし、あれ鏡ちゃん？」,"Hello? Is that you, Kyoya-chan?",,,
122_4_6.json,2788,Dialog,Honey,鏡夜先輩から電話なんて、何かあったのかな。,"Is something wrong since
Kyoya-senpai called?",,,
122_4_6.json,2791,Dialog,Honey,ハニー先輩は難しい顔をして、何度か相づちを,Honey-senpai is nodding along,,,
122_4_6.json,2792,Dialog,,打ってるけど。,with a serious face.,,,
122_4_6.json,2794,Dialog,Honey,「それ本当？　……うん、うん。これから行く,"Is that true? ...Yeah, yeah. I'm
going",,,
122_4_6.json,2795,Dialog,Honey,から、ちゃんと説明してね」,"now, so explain everything to me.",,,
122_4_6.json,2802,Dialog,Haruhi,「……何かあったんですか？」,Is something wrong?,,,
122_4_6.json,2804,Dialog,Honey,「えっとね、……ホスト部のお休みが解けるっ,Well then... The Host,,,
122_4_6.json,2805,Dialog,Honey,て」,Club's break will end.,,,
122_4_6.json,2807,Dialog,Haruhi,「それ……、いいことですよね」,"That's... great, isn't it?",,,
122_4_6.json,2808,Dialog,Haruhi,それなのに、ハニー先輩はぜんぜん笑っていな,But Honey-senpai isn't,,,
122_4_6.json,2809,Dialog,Haruhi,い。,smiling at all.,,,
122_4_6.json,2811,Dialog,Haruhi,「他に何かあったんですね？」,Is there something else?,,,
122_4_6.json,2819,Dialog,Honey,「あのね、理事長が交代するかもしれないって,"By the way, Ootori said the board",,,
122_4_6.json,2820,Dialog,Honey,鏡ちゃんが……」,of directors might change...,,,
122_4_6.json,2821,Dialog,Honey,理事長が交代って……、どうしてそんな……。,"The chairman changed...? Why would
he do something like that...?",,,
122_4_6.json,2823,Dialog,Honey,「でもね、まだほんとかどうかわからないし、,"But you know, it's not certain yet.",,,
122_4_6.json,2824,Dialog,Honey,決まったわけじゃないんだって」,We haven't decided anything.,,,
122_4_6.json,2826,Dialog,Honey,「だから僕、鏡ちゃんのところに行って聞いて,So I'll go ask Kyoya-chan.,,,
122_4_6.json,2827,Dialog,Honey,くるね。ハルちゃんは――」,Haru-chan--,,,
122_4_6.json,2829,Dialog,Haruhi,「自分も行きます！」,「I'm going too!」,,,
122_4_6.json,2834,Dialog,Honey,「あの、ごめんね……」,Sorry about that...,,,
122_4_6.json,2836,Dialog,Honey,そう言って、ハニー先輩は目をそらしてしまっ,"Saying that, Honey-senpai",,,
122_4_6.json,2837,Dialog,Honey,た。,looked away.,,,
122_4_6.json,2840,Dialog,Honey,すごく気になるけど……。,I'm really curious... but.,,,
122_4_6.json,2847,Dialog,Haruhi,「ちゃんと、説明してくれますよね？」,"Explain everything to me, okay?",,,
122_4_6.json,2852,Dialog,Honey,「うん……。ほんとにごめんね、ハルちゃん」,"Yeah... I'm really sorry, Haru-chan.",,,
122_4_6.json,2854,Dialog,Honey,タタタタタタタ……。,Tatatatatata...,,,
122_4_6.json,2856,Dialog,Honey,走っていくハニー先輩の後ろ姿が小さくなると、,"As I watch Honey-senpai's back grow
smaller as he",,,
122_4_6.json,2857,Dialog,Honey,不安が少しずつ大きくなっていく。,"runs away, my anxiety grows little
by little.",,,
122_4_6.json,2858,Dialog,Honey,大丈夫なのかな……。,I wonder if it's okay...,,,
122_4_6.json,2863,Dialog,,ちょうどモリ先輩が歩いて来ていた。,"Just then, Mori-senpai walked over.",,,
122_4_6.json,2870,Dialog,Mori,「……ハルヒ」,「...Haruhi」,,,
122_4_6.json,2872,Dialog,Haruhi,「モリ先輩、……ハニー先輩はどうしたんです,Senior Mori... What,,,
122_4_6.json,2873,Dialog,Haruhi,か？」,about Honey-senpai?,,,
122_4_6.json,2874,Dialog,Haruhi,いつも一緒にいるはずの人がいないと、なんだ,"I feel like something's missing when
the",,,
122_4_6.json,2875,Dialog,Haruhi,かもの足りないような気がする。,person I'm always with isn't around.,,,
122_4_6.json,2880,Dialog,Mori,「光邦は、食べ過ぎで動けない……」,Honey's too stuffed to move...,,,
122_4_6.json,2882,Dialog,Haruhi,「……食べ過ぎ？」,...Overeating?,,,
122_4_6.json,2887,Dialog,Mori,「実は……」,As a matter of fact...,,,
122_4_6.json,2888,Dialog,Mori,そう言って、モリ先輩は静かに今朝の出来事を,Senpai Mori quietly began to talk,,,
122_4_6.json,2889,Dialog,Mori,話し始めた。,about this morning's events.,,,
122_4_6.json,2898,Dialog,Mori,「……顔が青いぞ、光邦」,"Your face is pale, Honey.",,,
122_4_6.json,2906,Dialog,Honey,「へ、平気だもん……。僕、いつもと同じだよ。,S-Same as always... I'm fine...,,,
122_4_6.json,2907,Dialog,Honey,元気だもん……」,I'm fine...」,,,
122_4_6.json,2909,Dialog,Mori,「…………食べ過ぎたのか？」,Did you eat too much?,,,
122_4_6.json,2917,Dialog,Honey,「だって昨日は、うさちゃんと一緒にスペシャ,But yesterday was supposed to be,,,
122_4_6.json,2918,Dialog,Honey,ルケーキナイトする日だったんだもん！」,Special Cake Night with Usa-chan!,,,
122_4_6.json,2920,Dialog,Mori,「留守番だ」,Answer the door.,,,
122_4_6.json,2925,Dialog,Honey,"#Pos[0,20]#Scale[1.4]　 「うわああああああん！！」","#Pos[0,20]#Scale[1.4] ""Waaaaaaaaah!!""",,,
122_4_6.json,2934,Dialog,Mori,「……光邦は、家で寝かせている」,Honey's sleeping at home...,,,
122_4_6.json,2936,Dialog,Mori,モリ先輩、ハニー先輩の身体のことになると厳,"Mori-senpai, you're strict when",,,
122_4_6.json,2937,Dialog,Mori,しいからなあ。,it comes to Honey-senpai's body.,,,
122_4_6.json,2939,Dialog,Mori,あのときもそうだったし……。,That was true back then too...,,,
122_4_6.json,2941,Dialog,,それにしても、普段から怖いくらいよく食べる,"Still, it's scary to think about how",,,
122_4_6.json,2942,Dialog,,ハニー先輩が、食べ過ぎで具合が悪くなるなん,much Honey-senpai must have eaten,,,
122_4_6.json,2943,Dialog,,て、いったいどれだけ食べたんだろう……。,to get sick from overeating...,,,
122_4_6.json,2950,Dialog,Mori,「……俺のせいだ」,It's my fault.,,,
122_4_6.json,2952,Dialog,Haruhi,「は？」,Huh?,,,
122_4_6.json,2958,Dialog,Mori,「ケーキの量を俺が把握していれば、こんなこ,If I had known how much cake there,,,
122_4_6.json,2959,Dialog,Mori,とには……」,"was, this wouldn't have happened...",,,
122_4_6.json,2961,Dialog,Haruhi,「そんなことは……、ないと思いますよ？」,I don't think that's... true?,,,
122_4_6.json,2963,Dialog,Mori,「もし光邦の身体に何かあったら……」,"What if something happened to
Honey's body...",,,
122_4_6.json,2964,Dialog,Mori,モリ先輩ってハニー先輩のことになると、すご,Mori-senpai thinks really hard when,,,
122_4_6.json,2965,Dialog,Mori,く考え込んじゃうんだよね……。,it comes to Honey-senpai...,,,
122_4_6.json,2967,Dialog,Haruhi,「それなら、ハニー先輩についててあげたほう,Then shouldn't you stay,,,
122_4_6.json,2968,Dialog,Haruhi,が、いいんじゃないですか？」,with Honey-senpai?,,,
122_4_6.json,2976,Dialog,Mori,「……いや」,...No.,,,
122_4_6.json,2977,Dialog,Mori,モリ先輩は、ゆっくりと首を横にふる。,Mori-senpai slowly shakes his head.,,,
122_4_6.json,2979,Dialog,Mori,「光邦から土産を頼まれている」,Honey asked me to bring a gift.,,,
122_4_6.json,2982,Dialog,Mori,食べ過ぎて動けないのに、お土産を頼むハニー,"I can't move because I ate too much,
but Honey-senpai",,,
122_4_6.json,2983,Dialog,Mori,先輩も変ですけど、それを買いに来るモリ先輩,asking for more sweets is weird...,,,
122_4_6.json,2984,Dialog,Mori,も……。,"and Mori-senpai coming to buy
them...",,,
122_4_6.json,2985,Dialog,Mori,でも、お見舞いっていうことでいいのかな？　,"But is it okay to call this a
get-well visit?",,,
122_4_6.json,2986,Dialog,,自分が口を挟むことじゃないし。,It's none of my business.,,,
122_4_6.json,2988,Dialog,Haruhi,「じゃあ、行きましょうか」,Shall we go then?,,,
122_4_6.json,2993,Dialog,Mori,「……ああ」,...Yeah.,,,
122_4_6.json,2995,Dialog,Mori,そう言ってうなずくモリ先輩だけど、少し元気,"Mori-senpai nodded in agreement,",,,
122_4_6.json,2996,Dialog,Mori,がなさそうだった。,but he seemed a bit down.,,,
122_4_6.json,3011,Dialog,Haruhi,「お土産を買うなら、物産展がいいと思うんで,I think it'd be better to buy,,,
122_4_6.json,3012,Dialog,Haruhi,すけど――」,souvenirs at the fair...,,,
122_4_6.json,3016,Dialog,Haruhi,「あの、モリ先輩？」,"Hey, Mori-senpai?",,,
122_4_6.json,3021,Dialog,Mori,「……ああ、それでいい」,"...Yeah, that's fine.",,,
122_4_6.json,3022,Dialog,Mori,やれやれ……。,Phew...,,,
122_4_6.json,3025,Dialog,Mori,物産展は週末ということもあって、かなり込ん,The fair's pretty crowded,,,
122_4_6.json,3026,Dialog,Mori,でいるけど――。,since it's the weekend--.,,,
122_4_6.json,3034,Dialog,Mori,モリ先輩のまわりだけは、まるで別の場所にい,It was as if we were in another,,,
122_4_6.json,3035,Dialog,Mori,るかのように静かだった。,world around Mori-senpai.,,,
122_4_6.json,3037,Dialog,Haruhi,「モリ先輩、お土産は何にしましょうか？」,"What should we get for Morino-senpai
as a souvenir?",,,
122_4_6.json,3042,Dialog,Mori,「……光邦の喜びそうなものを」,"Something that will make Honey
happy...",,,
122_4_6.json,3044,Dialog,Haruhi,「それじゃあ、何か甘いお菓子でも――」,「Then how about some sweet snacks--」,,,
122_4_6.json,3045,Dialog,Haruhi,あ、食べ過ぎて寝てるんだから、食べ物は……。,"Oh, he's sleeping off an overeating
session... don't feed him.",,,
122_4_6.json,3053,Dialog,Mori,「そうだな……、日持ちのするものを選べばい,Right... we should choose,,,
122_4_6.json,3054,Dialog,Mori,いだろう」,something that lasts.,,,
122_4_6.json,3055,Dialog,Mori,#Scale[1.4]いいんですか！？,#Scale[1.4]That's okay!?!,,,
122_4_6.json,3056,Dialog,Mori,……でも、モリ先輩がそう言うならいいのかな。,"...But if Morino-sempai says so,
then it's okay, right?",,,
122_4_6.json,3057,Dialog,Mori,体調が良くなるまで食べさせたりしないだろう,I doubt they'll feed me until,,,
122_4_6.json,3058,Dialog,Mori,し。,I'm feeling better.,,,
122_4_6.json,3060,Dialog,Haruhi,「じゃあ、おいしそうなお菓子を探しに行きま,Let's go find some,,,
122_4_6.json,3061,Dialog,Haruhi,しょう」,yummy sweets!,,,
122_4_6.json,3064,Dialog,Haruhi,人の流れに合わせて歩きながら、ハニー先輩の,Walk with the crowd and look for,,,
122_4_6.json,3065,Dialog,Haruhi,喜びそうなお菓子を探す。,Honey-senpai's favorite sweets.,,,
122_4_6.json,3072,Dialog,Haruhi,「モリ先輩、これなんかどうですか？」,"Senior Mori, what about this?",,,
122_4_6.json,3073,Dialog,Haruhi,時々おいしそうなお菓子を見つけて、モリ先輩,"Sometimes I find some yummy-looking
sweets",,,
122_4_6.json,3074,Dialog,Haruhi,にも意見を聞いてみるんだけど――。,"and ask Mori-senpai for his
opinion--.",,,
122_4_6.json,3077,Dialog,Haruhi,返事がないというか、それ以前に聞こえていな,"There's no response, or rather, it
seems like",,,
122_4_6.json,3078,Dialog,Haruhi,いみたい。それに、何かじっと見ていると思え,"she didn't even hear me. And to
think that",,,
122_4_6.json,3079,Dialog,,ば――。,"she was staring at something
intently...",,,
122_4_6.json,3081,Dialog,Haruhi,「モリ先輩……。木彫りの魚は、ハニー先輩の,"Mori-senpai... I don't think
wood-carved fish",,,
122_4_6.json,3082,Dialog,Haruhi,お土産にならないと思いますよ」,"would make a good souvenir for
Honey-senpai.",,,
122_4_6.json,3087,Dialog,Mori,「…………あ」,「......ah」,,,
122_4_6.json,3094,Dialog,,やっぱり、心配なんだろうなあ。,"I guess you're worried, huh?",,,
122_4_6.json,3095,Dialog,,大丈夫かな……。モリ先輩、かなり思いつめる,I wonder if he's okay... Mori-senpai,,,
122_4_6.json,3096,Dialog,,性格だし……。,tends to brood a lot...,,,
122_4_6.json,3098,Dialog,,本当に、不器用だからなあ……。,I really am so clumsy...,,,
122_4_6.json,3100,Dialog,,……うーん。,...Hmm.,,,
122_4_6.json,3101,Dialog,,モリ先輩に聞いたりしないで、おいしそうで日,Don't ask Mori-senpai. Pick,,,
122_4_6.json,3102,Dialog,,持ちのするクッキーか何かを選んで、少しでも,"something tasty that'll last,",,,
122_4_6.json,3103,Dialog,,早く帰れるようにしてあげないと。,so I can get home sooner.,,,
122_4_6.json,3104,Dialog,,ドタッ！,Thud!,,,
122_4_6.json,3105,Dialog,,今すごい音が、後ろで……。,There's a loud noise behind me...,,,
122_4_6.json,3107,Dialog,,…………モリ先輩。,...Mori-senpai.,,,
122_4_6.json,3108,Dialog,,何にもないところで転ぶなんて。それに、どこ,"You fell over in an empty spot. And
you don't",,,
122_4_6.json,3109,Dialog,,か遠くを見て立ち上がろうともしないし。,even try to stand up or look around.,,,
122_4_6.json,3110,Dialog,,心配してるっていうか、体はここにあるけど、,"I guess you could say my body's
here,",,,
122_4_6.json,3111,Dialog,,心はハニー先輩の傍にあるって感じだなあ。,but my heart's with Honey-senpai.,,,
122_4_6.json,3112,Dialog,,このままじゃあ、家に帰ることもできなさそう,It doesn't look like I'll be,,,
122_4_6.json,3113,Dialog,,に見える……。,able to go home like this...,,,
122_4_6.json,3114,Dialog,,……どうしよう？,What should I do?,,,
122_4_6.json,3119,Dialog,Mori,「……放っておいてくれ」,Leave me alone.,,,
122_4_6.json,3122,Dialog,Mori,「…………どうした？」,...What's up?,,,
122_4_6.json,3129,Dialog,Mori,「……ハルヒ？」,...Haruhi?,,,
122_4_6.json,3131,Dialog,Haruhi,「ハニー先輩は、大丈夫ですよ」,"I'm fine, Honey-senpai.",,,
122_4_6.json,3134,Dialog,Haruhi,そう言って声をかけると、モリ先輩は微笑みを,Mori-senpai smiled,,,
122_4_6.json,3135,Dialog,Haruhi,浮かべた。,when I said that.,,,
122_4_6.json,3137,Dialog,Haruhi,「ああ見えて丈夫そうですし。もしかしたら、,Looks tough on the outside.,,,
122_4_6.json,3138,Dialog,Haruhi,もう元気になって、プリンくらいは食べてるか,Maybe she's already feeling,,,
122_4_6.json,3139,Dialog,Haruhi,もしれませんよ」,better and eating sweets.,,,
122_4_6.json,3141,Dialog,Mori,「………………プリンか」,「......a princess?*/」,,,
122_4_6.json,3149,Dialog,Mori,「それなら、歯磨きをさせなければ……」,I won't let you brush your teeth...,,,
122_4_6.json,3150,Dialog,Mori,つぶやきながら、モリ先輩は立ちあがる。,Mori-senpai gets up while muttering.,,,
122_4_6.json,3152,Dialog,Haruhi,「向こうにおいしそうなお菓子がありましたよ。,"There were some yummy-looking sweets
over there!",,,
122_4_6.json,3153,Dialog,Haruhi,買っていきましょう」,Let's go buy it.」,,,
122_4_6.json,3158,Dialog,Mori,「ああ、行こう」,Let's go.,,,
122_4_6.json,3159,Dialog,Mori,ぽん、と頭にのせられたモリ先輩の手が、優し,Mori-senpai's hand gently stroked my,,,
122_4_6.json,3160,Dialog,Mori,く自分の髪をなでてくれた。,hair after he placed it on my head.,,,
122_4_6.json,3167,Dialog,,ハニー先輩のお土産も買って、デパートの１階,"When I went back to the first floor
of the department",,,
122_4_6.json,3168,Dialog,,に戻ってきたとき――。,store with Honey-senpai's gift...,,,
122_4_6.json,3175,Dialog,Mori,「…………ん」,...Hm.,,,
122_4_6.json,3176,Dialog,Mori,モリ先輩が立ち止まった。,Mori-senpai stopped.,,,
122_4_6.json,3178,Dialog,Haruhi,「……どうしたんですか、モリ先輩？　何か,"...Is something wrong, Mori-senpai?",,,
122_4_6.json,3179,Dialog,Haruhi,買い忘れでも」,Did you forget to buy something?,,,
122_4_6.json,3184,Dialog,Mori,「いや、視線が……」,"No, it's just your eyes...",,,
122_4_6.json,3186,Dialog,Haruhi,「……視線？」,...Gaze?,,,
122_4_6.json,3187,Dialog,Haruhi,何のことだろうとモリ先輩の見つめる先に目を,I look in the direction Mori-senpai,,,
122_4_6.json,3188,Dialog,Haruhi,向けると――、子どもたちの姿があった。,is staring at--and see children.,,,
122_4_6.json,3189,Dialog,Haruhi,モリ先輩を見て、何か話してるみたいだけど。,"It looks like Mori-senpai is saying
something.",,,
122_4_6.json,3191,Dialog,Haruhi,「まさかとは思いますけど、知り合いの子です,Could it be someone,,,
122_4_6.json,3192,Dialog,Haruhi,か？」,I know?,,,
122_4_6.json,3200,Dialog,Mori,「今日……、初めて会った」,"I met you for the first time
today...",,,
122_4_6.json,3202,Dialog,Haruhi,「じゃあ――」,「Then--」,,,
122_4_6.json,3204,Dialog,Haruhi,タタタタタタタ……。,Tatatatatata...,,,
122_4_6.json,3205,Dialog,Haruhi,モリ先輩と話していたら、あっという間に子ど,"Talking to Mori-senpai, I was",,,
122_4_6.json,3206,Dialog,Haruhi,もたちに囲まれてしまう。,suddenly surrounded by kids.,,,
122_4_6.json,3208,Dialog,Haruhi,「えっと……、自分たちに何か？」,Um... What about us?,,,
122_4_6.json,3210,Dialog,Boy 1,「ほら！　やっぱりホストシルバーだ！！」,Look! It's Host Silver!!,,,
122_4_6.json,3212,Dialog,Girl,「すごいすごーい！　ねえねえ、今日はどうし,"Wow, wow! Hey, what's up? Are you",,,
122_4_6.json,3213,Dialog,Girl,たの？　あくのそしき・ロベリアーンにねらわ,being targeted by the secret,,,
122_4_6.json,3214,Dialog,Girl,れてるの？」,society of Akuno Soshirobenia?,,,
122_4_6.json,3216,Dialog,Boy 2,「すげー！　でっかいなー！！」,Awesome! It's huge!!,,,
122_4_6.json,3223,Dialog,,何のことかと、モリ先輩の顔を見ると『俺は知,"Looking at Mori-senpai's face, he
seemed",,,
122_4_6.json,3224,Dialog,,らない』と言うように呆然としていた。,"stunned as if to say ""I don't know.""",,,
122_4_6.json,3225,Dialog,,これは聞いてみないとわからないなあ……。,"I guess we won't know until we
ask...",,,
122_4_6.json,3230,Dialog,,子どもたちの話によると――。,According to the kids--.,,,
122_4_6.json,3231,Dialog,,モリ先輩は、大人気の特撮番組『桜蘭戦隊ホス,Senior Mori is Host Silver from,,,
122_4_6.json,3232,Dialog,,トレンジャー』のメンバー、ホストシルバーだ,"the popular tokusatsu show ""Ouran",,,
122_4_6.json,3233,Dialog,,という。,"Battle Squadron Host Rangers.""",,,
122_4_6.json,3234,Dialog,,似てるだけだと思うけど……。,I think we just look alike...,,,
122_4_6.json,3241,Dialog,Haruhi,「……すごいですね、モリ先輩」,"Wow, Mori-senpai...",,,
122_4_6.json,3250,Dialog,Mori,モリ先輩は、すごい勢いで首を横にふった。あ、,Mori-senpai shook his head firmly.,,,
122_4_6.json,3251,Dialog,Mori,やっぱり人違いか。,"Ah, I guess I was mistaken.",,,
122_4_6.json,3253,Dialog,Mori,……でも、子どもたちはすっかりモリ先輩が本,...But the kids really think,,,
122_4_6.json,3254,Dialog,Mori,物だと思ってるんだよね。,Mori-senpai is the real deal.,,,
122_4_6.json,3255,Dialog,Mori,……うーん。とりあえず、人違いって説明して,...Hmm. I guess I'll just say,,,
122_4_6.json,3256,Dialog,,みようかな。,it's a mistake for now.,,,
122_4_6.json,3258,Dialog,Haruhi,「あのね、この人はホストシルバーによく似て,This person looks just like Host,,,
122_4_6.json,3259,Dialog,Haruhi,るんだけど、違う人で……」,"Silver, but they're different...",,,
122_4_6.json,3261,Dialog,Boy 1,「わかってるって！　【ごくひにんむ】なんで,I get it! Why are you calling,,,
122_4_6.json,3262,Dialog,Boy 1,しょ？」,me 'my princess'?,,,
122_4_6.json,3264,Dialog,Boy 2,「ボクたち、だれにも言わないから！」,We won't tell anyone!,,,
122_4_6.json,3266,Dialog,Girl,「今日はこのおねえちゃんをまもってるの？」,"Are you protecting this big sister
today?",,,
122_4_6.json,3267,Dialog,Girl,……ダメだ。みんなすっかり、モリ先輩をホス,...No way. Everyone already believes,,,
122_4_6.json,3268,Dialog,Girl,トシルバーと信じ込んでる。,Mori-senpai is Host Silver.,,,
122_4_6.json,3275,Dialog,Haruhi,「……モリ先輩、どうしましょう？」,"What should we do, Mori-senpai?",,,
122_4_6.json,3277,Dialog,Mori,「ハルヒ……」,Haruhi...,,,
122_4_6.json,3282,Dialog,Mori,#Color[7]#Scale[1.8]タスケテ。,#Color[7]#Scale[1.8]Save me!,,,
122_4_6.json,3284,Dialog,Haruhi,「自分がなんとかごまかしますから、上手く合,Just do what I say,,,
122_4_6.json,3285,Dialog,Haruhi,わせてください」,and play along.,,,
122_4_6.json,3291,Dialog,Mori,「…………わかった」,「......alright」,,,
122_4_6.json,3293,Dialog,Mori,覚悟を決めて、子どもたちに向き合った。,"I resolved myself and faced the
children.",,,
122_4_6.json,3296,Dialog,Haruhi,「まあ大変、ロベリアーンの赤いバラが、すぐ,"Oh my, the red rose of Lobelia",,,
122_4_6.json,3297,Dialog,Haruhi,そこまで来ているわ！」,is right around the corner!,,,
122_4_6.json,3304,Dialog,Mori,「心配するな。俺の役目はキミを守ることだ」,"Don't worry. My job is to protect
you.",,,
122_4_6.json,3306,Dialog,Haruhi,「ホストシルバー。早く、私を連れて逃げてー」,"Host Silver. Hurry up and take me
away!",,,
122_4_6.json,3314,Dialog,Mori,「もちろんさ。さあ、早くこっちに」,Of course. Come on over here.,,,
122_4_6.json,3317,Dialog,Mori,ごまかせたかと思ったら、子どもたちはみんな,"I thought I had fooled them, but",,,
122_4_6.json,3318,Dialog,Mori,呆然としていた。,the kids were all stunned.,,,
122_4_6.json,3319,Dialog,Mori,#Color[7]#Scale[1.8]大根役者×２,#Color[7]#Scale[1.8]Big-Root Actors x2,,,
122_4_6.json,3320,Dialog,Mori,……無理があったかな。,...Maybe I pushed too hard.,,,
122_4_6.json,3327,Dialog,Haruhi,「モリ先輩……、失敗です」,Mori-senpai... I lost.,,,
122_4_6.json,3332,Dialog,Mori,「…………そうか」,「......Is that so?」,,,
122_4_6.json,3333,Dialog,Mori,どうしようかと思ったとき、モリ先輩のポケッ,"Just as I was wondering what to do,
something",,,
122_4_6.json,3334,Dialog,Mori,トから――。,came out of Mori-senpai's pocket --,,,
122_4_6.json,3335,Dialog,Mori,ピリリリリリリリリリ……。,Beep-beep-beep...,,,
122_4_6.json,3339,Dialog,,天からの助けのように、携帯電話の着信音が鳴,The ringtone sounded like,,,
122_4_6.json,3340,Dialog,,り響いた。,an answer from above.,,,
122_4_6.json,3342,Dialog,Haruhi,「これは、ホストレッドからの通信ですね」,This is a message from Host Red.,,,
122_4_6.json,3350,Dialog,Mori,「ああ、急いでこの場を離れなければ」,"Yeah, I have to leave here in a
hurry.",,,
122_4_6.json,3352,Dialog,Haruhi,「よい子のみんな、さようならー」,"Goodbye, everyone be good~",,,
122_4_6.json,3357,Dialog,Mori,「歯は、ちゃんとみがけよ」,Brush your teeth properly.,,,
122_4_6.json,3360,Dialog,Mori,タタタタタタタ……。,Tatatatatata...,,,
122_4_6.json,3361,Dialog,Mori,子どもたちの前から逃げ出すように、モリ先輩,I ran with Mori-senpai as if trying,,,
122_4_6.json,3362,Dialog,Mori,と２人で走った。,to escape from the kids.,,,
122_4_6.json,3367,Dialog,,ピリリリリリリリリリ……。,Beep-beep-beep...,,,
122_4_6.json,3368,Dialog,,ここまで来ればいいかなと思ったとき、またモ,"Just as I thought we could take a
break,",,,
122_4_6.json,3369,Dialog,,リ先輩の携帯電話が鳴った。,Morisenpai's cell phone rang again.,,,
122_4_6.json,3376,Dialog,Mori,「…………鏡夜か」,"「......Kyoya, huh?」",,,
122_4_6.json,3378,Dialog,Mori,……どうしたんだろう。鏡夜先輩から電話なん,...What could it be? I never,,,
122_4_6.json,3379,Dialog,Mori,て。,get calls from Kyoya-senpai.,,,
122_4_6.json,3380,Dialog,Mori,モリ先輩は難しい顔をして、何度か相づちを打っ,Mori-senpai just nods along,,,
122_4_6.json,3381,Dialog,Mori,てばかりいるけど。,with a serious face.,,,
122_4_6.json,3385,Dialog,Mori,「ああ、わかった……」,"Oh, I see...",,,
122_4_6.json,3386,Dialog,Mori,沈んだ声でつぶやいて、モリ先輩は電話を切っ,Mori-senpai muttered in a,,,
122_4_6.json,3387,Dialog,Mori,た。,deep voice and hung up.,,,
122_4_6.json,3395,Dialog,Haruhi,「モリ先輩、何かあったんですか？」,"Senior Mori, what's wrong?",,,
122_4_6.json,3400,Dialog,Mori,「……ホスト部の一時活動停止が解ける」,"...The Host Club's temporary
shutdown will be lifted.",,,
122_4_6.json,3402,Dialog,Haruhi,「それ……、いいことですよね」,"That's... great, isn't it?",,,
122_4_6.json,3403,Dialog,Haruhi,でも……、モリ先輩はぜんぜん笑っていない。,"But... Mori-senpai isn't smiling at
all.",,,
122_4_6.json,3405,Dialog,Haruhi,「他に何かあったんですね？」,Is there something else?,,,
122_4_6.json,3413,Dialog,Mori,「理事長が、交代するかもしれないそうだ」,"It seems like the board of directors
might change.",,,
122_4_6.json,3414,Dialog,Mori,理事長が交代って……、どうしてそんな……。,"The chairman changed...? Why would
he do something like that...?",,,
122_4_6.json,3416,Dialog,Mori,「まだ決定じゃない。……それに、はっきりし,"It's not decided yet... Besides,",,,
122_4_6.json,3417,Dialog,Mori,ないことも多い」,there are many uncertainties.,,,
122_4_6.json,3422,Dialog,Mori,「これから、鏡夜のところに行ってくる」,I'm going to Kyoya's place now.,,,
122_4_6.json,3425,Dialog,Haruhi,「あの、自分も行っていいですか？」,"「Um, may I go too?」",,,
122_4_6.json,3430,Dialog,Mori,「いや、今はまだ、俺たちだけでいい」,"No, we're good for now.",,,
122_4_6.json,3433,Dialog,Haruhi,「……わかりました。でも、ちゃんと説明して,I see... But explain,,,
122_4_6.json,3434,Dialog,Haruhi,くださいね」,everything clearly.,,,
122_4_6.json,3439,Dialog,Mori,「ああ……」,Oh...,,,
122_4_6.json,3441,Dialog,Mori,タタタタタタタ……。,Tatatatatata...,,,
122_4_6.json,3443,Dialog,Mori,走っていくモリ先輩の後ろ姿が小さくなると、,"As Mori-senpai's back grows smaller
as he",,,
122_4_6.json,3444,Dialog,Mori,不安が少しずつ大きくなっていく。,"runs away, my anxiety gradually
increases.",,,
122_4_6.json,3445,Dialog,Mori,大丈夫なのかな……。,I wonder if it's okay...,,,
122_4_6.json,3451,Dialog,,……なんだか、今日は疲れたな。,...I feel pretty tired today.,,,
122_4_6.json,3452,Dialog,,あの電話がかかってくるまでは、楽しかったの,It was fun until that,,,
122_4_6.json,3453,Dialog,,に……。,phone call came...,,,
122_4_6.json,3455,Dialog,,ホスト部の一時活動停止が解けるのは、うれ,I'm glad the Host Club's suspension,,,
122_4_6.json,3456,Dialog,,しいけど、理事長が交代するかもしれないな,"will be lifted, but the possibility",,,
122_4_6.json,3457,Dialog,,んて……。,of a new board of directors...,,,
122_4_6.json,3458,Dialog,,どういうことなのかな……。,What's going on...?,,,
122_4_6.json,3461,Dialog,,考えてもしょうがないか。それに、もしかした,"There's no point in worrying about
it.",,,
122_4_6.json,3462,Dialog,,ら何かの間違いかもしれないし。,"Besides, maybe it was just a
mistake.",,,
122_4_6.json,3463,Dialog,,……忘れないうちに、パソコンのチェックして,...Better check the computer,,,
122_4_6.json,3464,Dialog,,おこう。,while I still remember.,,,
122_4_6.json,3467,Dialog,,指名率にも借金にも変化なし……。,No change in popularity or debt...,,,
122_4_6.json,3468,Dialog,,……土曜日だからね。,...It's Saturday.,,,
122_4_6.json,3469,Dialog,,うーん、こんな調子で返済できるのかな？,"Hmm, can I pay it back like this?",,,
122_4_6.json,3470,Dialog,,……ま、いいか。,...Forget it.,,,
122_4_6.json,3471,Dialog,,今日は疲れちゃったからもう寝よう。,"I'm tired today, so let's go to bed.",,,
