file,id,type,speaker,jp,current_english,suggested_english,notes,status
125_5_4.json,4,Dialog,,#Color[7]#Scale[1.8]お昼休み,#Color[7]#Scale[1.8]Lunch break!,,,
125_5_4.json,5,Dialog,,……はあ。,...Sigh.,,,
125_5_4.json,6,Dialog,,今日も光と馨は気まずい雰囲気だったなあ……。,"Hikaru and Kaoru were still awkward
around each other today...",,,
125_5_4.json,7,Dialog,,ほんと、どうなってるんだか。,What's going on?,,,
125_5_4.json,9,Dialog,,ひとりで考えていてもしょうがないし、誰かに,There's no point thinking about it,,,
125_5_4.json,10,Dialog,,話を聞いてみよう。,"alone, so I'll talk to someone.",,,
125_5_4.json,11,Dialog,,誰に聞いてみようかなと考えて――。思い浮か,"I wonder who I should ask... The
first",,,
125_5_4.json,12,Dialog,,んだのは……。,person that comes to mind is...,,,
125_5_4.json,38,Dialog,,……環先輩。,...Tama-chan.,,,
125_5_4.json,39,Dialog,,そうだ。環先輩に話を聞いてみよう。,Let's ask Tama-chan.,,,
125_5_4.json,42,Dialog,,教室をのぞいてみたけど、環先輩の姿は見あた,"I looked in the classroom,",,,
125_5_4.json,43,Dialog,,らなかった。,but I didn't see Tama-chan.,,,
125_5_4.json,44,Dialog,,……鏡夜先輩もいないみたいだし。,...Kyoya-senpai's not here either.,,,
125_5_4.json,45,Dialog,,うーん……。,Hmm...,,,
125_5_4.json,46,Dialog,,環先輩の行きそうなところ……。なんとなくだ,"I have an idea where Senpai might be
going...",,,
125_5_4.json,47,Dialog,,けど、心あたりがひとつある。,"I'm not sure, but I think I know one
place.",,,
125_5_4.json,48,Dialog,,いってみよう――。,Let's try it.,,,
125_5_4.json,56,Dialog,,やっぱり、ここにいた。,I knew it. You're here.,,,
125_5_4.json,58,Dialog,Haruhi,「ここにいたんですね……、環先輩」,I see... Tamaki-senpai.,,,
125_5_4.json,66,Dialog,Tamaki,「どうした。俺に会えなくて、とうとう禁断症,"What's wrong? Can't see me and
finally",,,
125_5_4.json,67,Dialog,Tamaki,状が出たのかにゃ？」,got withdrawal symptoms?,,,
125_5_4.json,69,Dialog,Haruhi,「そんな病気にはかかってません」,I don't have that illness.,,,
125_5_4.json,77,Dialog,Tamaki,「そうか……。でも、俺のことを捜してくれて,"Oh, I see... But you were looking",,,
125_5_4.json,78,Dialog,Tamaki,たんだな。ありがとう、ハルヒ」,"for me. Thanks, Haruhi.",,,
125_5_4.json,79,Dialog,Tamaki,誰に話を聞こうか考えて、ただ環先輩が浮かん,"I was just thinking about who to
talk",,,
125_5_4.json,80,Dialog,Tamaki,できただけなんだけど……。,"to, and sempai came to mind...",,,
125_5_4.json,81,Dialog,Tamaki,環先輩の表情がふっと和らいだのを見て、つい,I found myself nodding as I saw,,,
125_5_4.json,82,Dialog,Tamaki,自分はうなずいていた。,Senpai's expression soften.,,,
125_5_4.json,84,Dialog,Haruhi,「それより、お昼休みの馨と光のケンカなんで,"By the way, about Hikaru and",,,
125_5_4.json,85,Dialog,Haruhi,すけど……」,Kaoru's fight during lunch...,,,
125_5_4.json,90,Dialog,Tamaki,「む……、ああ……」,Mm... Ah...,,,
125_5_4.json,92,Dialog,Haruhi,「先輩たちは誰も止めに入らないし、ものすご,It was really weird no,,,
125_5_4.json,93,Dialog,Haruhi,く変でしたよ。……あれ、お芝居なんじゃない,one tried to stop them...,,,
125_5_4.json,94,Dialog,Haruhi,ですか？」,"Wait, is this a play?",,,
125_5_4.json,103,Dialog,Tamaki,「うう……」,「Uu...」,,,
125_5_4.json,105,Dialog,Haruhi,「自分にだけ秘密で、何か企んでるんじゃない,Aren't you plotting,,,
125_5_4.json,106,Dialog,Haruhi,ですか？」,something in secret?,,,
125_5_4.json,107,Dialog,Haruhi,環先輩は困ったような表情で、じっと黙ってい,Takashi looks troubled,,,
125_5_4.json,108,Dialog,Haruhi,る。,and stays silent.,,,
125_5_4.json,110,Dialog,Haruhi,「自分だけ何も知らないのは、イヤです」,"I don't like being the only one who
doesn't know anything.",,,
125_5_4.json,111,Dialog,Haruhi,自分もホスト部の一員だ。,I'm part of the Host Club too.,,,
125_5_4.json,119,Dialog,Tamaki,「そうか。……確かに、１人だけ話さないなん,"That's right... I suppose if one
person doesn't",,,
125_5_4.json,120,Dialog,Tamaki,て、家族じゃないよな」,"talk, they're not really a family.",,,
125_5_4.json,122,Dialog,Haruhi,「……それじゃあ」,...See you then.,,,
125_5_4.json,127,Dialog,Tamaki,「ああ、全部話そう。光と馨のケンカは、ハル,"Yeah, I'll tell you everything.
Hikaru and Kaoru's",,,
125_5_4.json,128,Dialog,Tamaki,ヒの考えている通りお芝居だ」,"fight is just an act, as Haruhi
thought.",,,
125_5_4.json,133,Dialog,Tamaki,「他にも、……いろいろなウワサ、耳にしてい,Have you heard other...,,,
125_5_4.json,134,Dialog,Tamaki,るだろう？」,rumors as well?,,,
125_5_4.json,136,Dialog,Haruhi,「はい。……須王に敵対するグループのしわざ,"Yeah... I wonder if it's not the
work",,,
125_5_4.json,137,Dialog,Haruhi,じゃないかって……」,of a group that opposes Sukawa...,,,
125_5_4.json,146,Dialog,Tamaki,「……鏡夜が、気づいたんだ」,...Kyoya figured it out.,,,
125_5_4.json,148,Dialog,Tamaki,そうつぶやいて、環先輩は今の状況について話,"Murmuring that, Senpai explained",,,
125_5_4.json,149,Dialog,Tamaki,してくれた。,the current situation.,,,
125_5_4.json,150,Dialog,Tamaki,補導事件は誰かに仕組まれたものであること、,"Someone set up the disciplinary
incident and",,,
125_5_4.json,151,Dialog,Tamaki,その裏で何者かが動いていること。,"someone's pulling the strings behind
it.",,,
125_5_4.json,152,Dialog,Tamaki,その人物はホスト部を不道徳な部活だと取り上,"That person would expose the Host
Club as an immoral",,,
125_5_4.json,153,Dialog,,げ、そこに理事長の息子が所属していることを,"club activity and at least try to
capitalize on the",,,
125_5_4.json,154,Dialog,,せめて――。,"fact that the board president's son
is a member--.",,,
125_5_4.json,155,Dialog,,理事長の座から失脚（しっきゃく）させて、須,"I plan to remove you from your
position",,,
125_5_4.json,156,Dialog,,王家の名に傷をつけるつもりだということ。,"as chairman and tarnish the Suou
name.",,,
125_5_4.json,157,Dialog,,それに対して、ホスト部のみんなは――。,"In response, everyone in the Host
Club--",,,
125_5_4.json,158,Dialog,,仕組んでいる相手を見つけ出すため、ギクシャ,"To find out who's behind this,",,,
125_5_4.json,159,Dialog,,クしたホスト部部員がぶつかり合う様子を見せ,I'll have to make the,,,
125_5_4.json,160,Dialog,,て……。,Host Club members clash...,,,
125_5_4.json,161,Dialog,,相手が動いたところで証拠をつかみ、すべてを,"It seems they're trying to catch
them",,,
125_5_4.json,162,Dialog,,解決しようとしているらしい。,in the act and solve everything.,,,
125_5_4.json,163,Dialog,,ちなみに自分が図書室で聞いたウワサは、鏡夜,"By the way, the rumor I heard in the",,,
125_5_4.json,164,Dialog,,先輩が流したものだった。,library was spread by Kyoya-senpai.,,,
125_5_4.json,173,Dialog,Tamaki,「すまない。みんなを巻き込んで……」,"I'm sorry. Dragging everyone into
this...",,,
125_5_4.json,175,Dialog,Haruhi,「環先輩のせいじゃありません」,It's not Tamaki-senpai's fault.,,,
125_5_4.json,180,Dialog,Tamaki,「優しいな、ハルヒは」,"You're so kind, Haruhi.",,,
125_5_4.json,181,Dialog,Tamaki,環先輩は、そう言って笑みを浮かべ――。,"Takashi, he says that with a
smile--.",,,
125_5_4.json,188,Dialog,,それから真面目な表情に変わる。,"Then he changes to a serious
expression.",,,
125_5_4.json,190,Dialog,Tamaki,「すべてが終わるまで……。あと少し待ってい,Please wait just a little longer...,,,
125_5_4.json,191,Dialog,Tamaki,てくれないか」,Until it's all over...,,,
125_5_4.json,193,Dialog,Tamaki,自分には関わらないで欲しい……。,I don't want you to get involved...,,,
125_5_4.json,194,Dialog,Tamaki,環先輩は、そう考えてるみたい。,Takashi thinks so.,,,
125_5_4.json,195,Dialog,Tamaki,だけど――。,But--.,,,
125_5_4.json,196,Dialog,Tamaki,話を聞かせてもらって事情はわかったから、そ,"I understand the situation after
hearing your",,,
125_5_4.json,197,Dialog,,れだけでいいなんて……。,"story, so there's no need for
anything more...",,,
125_5_4.json,198,Choice,,自分も家族です,I'm family too.,,,
125_5_4.json,199,Choice,,納得できません,I can't accept that.,,,
125_5_4.json,214,Dialog,Haruhi,「自分も家族です」,I'm family too.,,,
125_5_4.json,219,Dialog,Tamaki,「……ハルヒ」,「...Haruhi」,,,
125_5_4.json,221,Dialog,Haruhi,「環先輩は、いつも言ってるじゃないですか。,"You always say that, right?",,,
125_5_4.json,222,Dialog,Haruhi,部活は家族同然だって――」,We're like family in the club--,,,
125_5_4.json,224,Dialog,Haruhi,「それなのに、自分だけ何もできないなんてイ,I don't like being the only,,,
125_5_4.json,225,Dialog,Haruhi,ヤです」,one who can't do anything.,,,
125_5_4.json,227,Dialog,Haruhi,「自分にも、何かやらせてください」,Let me do something too.,,,
125_5_4.json,228,Dialog,Haruhi,そう言うと――。,Saying that--.,,,
125_5_4.json,233,Dialog,Haruhi,「……え？」,...Huh?,,,
125_5_4.json,234,Dialog,Haruhi,環先輩に、優しく抱きしめられた。,I was gently hugged by Tama-chan.,,,
125_5_4.json,236,Dialog,Haruhi,「あ……、あの、環先輩……？」,Uh... Tama-chan...?,,,
125_5_4.json,237,Dialog,Haruhi,いきなりどうしたんだろう……。,"What's gotten into him all of a
sudden...?",,,
125_5_4.json,238,Dialog,Haruhi,なんだかいつもと違って、ものすごく真剣な感,"It feels different from usual...
really serious,",,,
125_5_4.json,239,Dialog,Haruhi,じがするけど、気のせいかな。,but maybe I'm just imagining things.,,,
125_5_4.json,244,Dialog,Tamaki,「くすぐったいよ、ハルヒ」,"Stop tickling me, Haruhi.",,,
125_5_4.json,247,Dialog,Tamaki,「手をつなぎたい？」,Hold hands?,,,
125_5_4.json,250,Dialog,Tamaki,「……熱ならないぞ」,Don't get hot under the collar.,,,
125_5_4.json,253,Dialog,Tamaki,「ハルヒ……」,Haruhi...,,,
125_5_4.json,256,Dialog,Tamaki,環先輩の顔に、そっと触れてみると――。,I gently touch Senpai's face...,,,
125_5_4.json,258,Dialog,Tamaki,真面目だった表情から、いつもの優しい笑顔に,His serious expression changed,,,
125_5_4.json,259,Dialog,Tamaki,変わった。,to his usual kind smile.,,,
125_5_4.json,260,Dialog,,……少しだけ、ドキっとした気がする。,...I think my heart skipped a beat.,,,
125_5_4.json,262,Dialog,Haruhi,「あの……、そろそろ離してもらっていいです,Um... could you,,,
125_5_4.json,263,Dialog,Haruhi,か」,let me go now?,,,
125_5_4.json,265,Dialog,Tamaki,「もう少しだけ――」,Just a little more--,,,
125_5_4.json,266,Dialog,Tamaki,ざわ……。,A murmur...,,,
125_5_4.json,267,Dialog,Tamaki,環先輩のつぶやきは、バラの葉が揺れる音に消,"Tamaki-senpai's muttering fades away
with",,,
125_5_4.json,268,Dialog,Tamaki,えて――。,"the sound of swaying rose
leaves...--.",,,
125_5_4.json,269,Dialog,Tamaki,カシャッ……。,Click...,,,
125_5_4.json,270,Dialog,Tamaki,パキッ。,Snap.,,,
125_5_4.json,286,Dialog,,環先輩は、びっくりしたように自分から離れる。,Takashi moves away in surprise.,,,
125_5_4.json,289,Dialog,Haruhi,「誰かいるんでしょうか」,Is someone here?,,,
125_5_4.json,294,Dialog,Tamaki,「そうだな、確かめてみよう。……ハルヒ、お,"Right. Let's check. ...Haruhi,",,,
125_5_4.json,295,Dialog,Tamaki,父さんから離れちゃダメだぞ」,don't leave Daddy.,,,
125_5_4.json,297,Dialog,Haruhi,「はいはい」,"Yeah, yeah",,,
125_5_4.json,299,Dialog,Haruhi,環先輩と一緒に、音が聞こえた場所へ……。,"Go with Tama-chan to where the sound
came from...",,,
125_5_4.json,305,Dialog,Haruhi,「納得できません」,I can't accept that.,,,
125_5_4.json,310,Dialog,Tamaki,「……ハルヒ」,「...Haruhi」,,,
125_5_4.json,312,Dialog,Haruhi,「自分にも、何かやらせてください」,Let me do something too.,,,
125_5_4.json,313,Dialog,Haruhi,そう言うと――。,Saying that--.,,,
125_5_4.json,315,Dialog,Haruhi,「……え？」,...Huh?,,,
125_5_4.json,317,Dialog,Haruhi,環先輩に、優しく抱きしめられた。,I was gently hugged by Tama-chan.,,,
125_5_4.json,326,Dialog,Tamaki,「ハルヒが、そこまでホスト部のことを考えて,"My princess, I'm touched that you",,,
125_5_4.json,327,Dialog,Tamaki,くれていたとは、お父さんは感激だ」,care so much about the Host Club.,,,
125_5_4.json,329,Dialog,Haruhi,「…………はあ」,「......hmph」,,,
125_5_4.json,335,Dialog,Tamaki,「家族は、協力してこそだよな！」,"We're family! We have to work
together!",,,
125_5_4.json,337,Dialog,Haruhi,「協力はいいんですけど……。放してもらえな,I'm willing to help... but could,,,
125_5_4.json,338,Dialog,Haruhi,いですかね、環先輩」,"you let me go, Senpai?",,,
125_5_4.json,344,Dialog,Tamaki,「お父さんと呼びなさい、お父さんと。我が娘,"Call me father, my",,,
125_5_4.json,345,Dialog,Tamaki,よ」,daughter. Father.,,,
125_5_4.json,347,Dialog,Tamaki,やれやれと思ったとき――。,Phew... I thought. --,,,
125_5_4.json,349,Dialog,Tamaki,カシャッ……。,Click...,,,
125_5_4.json,350,Dialog,Tamaki,パキッ。,Snap.,,,
125_5_4.json,365,Dialog,,小枝を踏んだような音がして、あわてて離れる。,"I step back with a crunching sound
like I stepped on twigs.",,,
125_5_4.json,368,Dialog,Haruhi,「誰かいるんでしょうか」,Is someone here?,,,
125_5_4.json,373,Dialog,Tamaki,「そうだな、確かめてみよう。……ハルヒ、お,"Right. Let's check. ...Haruhi,",,,
125_5_4.json,374,Dialog,Tamaki,父さんから離れちゃダメだぞ」,don't leave Daddy.,,,
125_5_4.json,377,Dialog,Haruhi,「はいはい」,"Yeah, yeah",,,
125_5_4.json,379,Dialog,Haruhi,環先輩と一緒に、音が聞こえた場所へ……。,"Go with Tama-chan to where the sound
came from...",,,
125_5_4.json,387,Dialog,,音のした場所には誰もいない。,"There's no one where the sound came
from.",,,
125_5_4.json,388,Dialog,,今のは、いったい……？,What was that just now...?,,,
125_5_4.json,395,Dialog,Tamaki,「さては、俺たちを愛してくれている姫たちが、,"So, are you saying that our beloved
princesses have",,,
125_5_4.json,396,Dialog,Tamaki,活動停止の悲しみのあまり――」,"stopped their activities because of
their sorrow...",,,
125_5_4.json,398,Dialog,Haruhi,「あー、そーかもしれませんね」,"Yeah, maybe so.",,,
125_5_4.json,400,Dialog,Haruhi,まあ、ネコでも通ったのかもしれないな。,"Well, maybe even a cat could get
through.",,,
125_5_4.json,407,Dialog,Tamaki,「……ハルヒ、さっきの話の続きだが……」,"...Haruhi, about what I was saying
earlier...",,,
125_5_4.json,412,Dialog,Tamaki,「今回のことに、本当はハルヒを巻き込みたく,I didn't really want to drag,,,
125_5_4.json,413,Dialog,Tamaki,なかったんだがな……」,"you into this, Haruhi...",,,
125_5_4.json,415,Dialog,Haruhi,「どうしてですか？」,Why is that?,,,
125_5_4.json,423,Dialog,Tamaki,「……家の力がある俺たちには、相手も簡単に,"We have our family's power to rely
on, so no",,,
125_5_4.json,424,Dialog,Tamaki,手を出すことはできない。だけどハルヒは……」,"one would dare mess with us. But
Haruhi...",,,
125_5_4.json,426,Dialog,Tamaki,その言葉に、鏡夜先輩の言葉が思い浮かぶ。,"Those words make Kyoya-senpai's
words come to mind.",,,
125_5_4.json,434,Dialog,Kyoya,「特にハルヒ、おまえには何の力もないことを,"Especially you, Haruhi. Be aware",,,
125_5_4.json,435,Dialog,Kyoya,自覚しておけ」,that you have no power.,,,
125_5_4.json,440,Dialog,Kyoya,「特待生は生活態度も大事だろう。うかつに動,"Scholarship students should mind
their behavior.",,,
125_5_4.json,441,Dialog,Kyoya,くと、退学に追い込まれる可能性もある」,"Acting recklessly could get you
expelled.",,,
125_5_4.json,445,Dialog,Kyoya,みんな、自分のことを心配してくれてたんだ。,Everyone was worried about me.,,,
125_5_4.json,452,Dialog,Tamaki,「……今回だけは、ハルヒを関わらせると本当,"...This time only, Haruhi, getting
you",,,
125_5_4.json,453,Dialog,Tamaki,に危ないから……」,"involved would really be
dangerous...",,,
125_5_4.json,454,Dialog,Tamaki,だから、自分のことを守ろうとしてくれていた,So you were trying,,,
125_5_4.json,455,Dialog,Tamaki,んだ。,to protect me.,,,
125_5_4.json,456,Dialog,Tamaki,そんなこと、考えてもみなかった……。,"I never even thought about something
like that...",,,
125_5_4.json,458,Dialog,Haruhi,「……すみません」,...I'm sorry.,,,
125_5_4.json,464,Dialog,Tamaki,「ちがう、ハルヒがあやまることじゃない」,"It's not your fault, Haruhi.",,,
125_5_4.json,466,Dialog,Tamaki,結局、自分のわがままだったのかもしれない。,"Maybe it was just my selfishness
after all.",,,
125_5_4.json,467,Dialog,Tamaki,今だって、環先輩に迷惑をかけているはず。,"I'm probably just bothering you now
too, Senpai.",,,
125_5_4.json,475,Dialog,Tamaki,「とにかく、知ってしまった以上、ハルヒは,"Anyway, now that we know, Haruhi,",,,
125_5_4.json,476,Dialog,Tamaki,１人で動かないようにな」,don't move on your own.,,,
125_5_4.json,480,Dialog,Haruhi,落ち着くまでは、自分からは何もしない。,"I won't do anything until I've
calmed down.",,,
125_5_4.json,481,Dialog,Haruhi,それが、環先輩に迷惑をかけない一番の方法だ。,"That's the best way not to bother
Tama-chan.",,,
125_5_4.json,482,Dialog,Haruhi,１人、黙って静かにしてるのが……。,Just stay quiet and alone...,,,
125_5_4.json,489,Dialog,Tamaki,「だから、これからは、俺と一緒にいてもら,"So from now on, you're",,,
125_5_4.json,490,Dialog,Tamaki,うぞ？」,"gonna be with me, okay?",,,
125_5_4.json,492,Dialog,Haruhi,「……え？」,...Huh?,,,
125_5_4.json,493,Dialog,Haruhi,しばらく１人でみんなを見守っていようと思っ,"Just as I thought about watching
everyone on my own for",,,
125_5_4.json,494,Dialog,Haruhi,たら、環先輩から意外な言葉が返ってきた。,"a while, Senpai surprised me with
unexpected words.",,,
125_5_4.json,499,Dialog,Tamaki,「大丈夫。この俺にまかせなさい」,Leave it to me.,,,
125_5_4.json,502,Dialog,Tamaki,キーンコーンカーンコーン。,Bing-bong-chime-bong!,,,
125_5_4.json,503,Dialog,Tamaki,あ……。もうお昼休み、終わりか。,Oh... Is lunch break already over?,,,
125_5_4.json,510,Dialog,Tamaki,「午後の授業が始まるな。さあ、遅刻しないよ,Classes start soon. Let's head,,,
125_5_4.json,511,Dialog,Tamaki,うに戻ろう」,back before we're late.,,,
125_5_4.json,513,Dialog,Haruhi,「急がないといけませんね」,We should hurry.,,,
125_5_4.json,515,Dialog,Haruhi,……にしても、さっきの音……。,"Still, that sound just now...",,,
125_5_4.json,516,Dialog,Haruhi,カメラのシャッター音にも聞こえたけど……。,"I could've sworn I heard a camera
shutter...",,,
125_5_4.json,519,Dialog,Haruhi,気のせいかな。早く教室に戻ろう。,"Must be my imagination. Let's get
back to class quickly.",,,
125_5_4.json,524,Dialog,,……鏡夜先輩。,...Kyoya-senpai.,,,
125_5_4.json,525,Dialog,,鏡夜先輩に、話を聞いてみよう。,Let's ask Kyoya-senpai.,,,
125_5_4.json,526,Dialog,,……一番事情を知っているのは、鏡夜先輩だと,...I think Otori-senpai knows,,,
125_5_4.json,527,Dialog,,思うし。,the most about this.,,,
125_5_4.json,528,Dialog,,鏡夜先輩がいるところは……。,Where Kyoya-senpai is...,,,
125_5_4.json,529,Dialog,,なんとなくだけど――。,"I don't know why, but--.",,,
125_5_4.json,531,Dialog,,ガチャ。,Click.,,,
125_5_4.json,533,Dialog,,部室には鍵がかかってなかった。,The clubroom wasn't locked.,,,
125_5_4.json,534,Dialog,,でも、見た限り誰もいないし、人の気配もない,"But as far as I can tell, there's no",,,
125_5_4.json,535,Dialog,,ような感じがする。,one around and no sign of anyone.,,,
125_5_4.json,537,Dialog,Haruhi,「あのー……、誰かいますか？」,Um... Is anyone here?,,,
125_5_4.json,538,Dialog,Haruhi,……返事はない。,...No response.,,,
125_5_4.json,539,Dialog,Haruhi,鏡夜先輩が開けてるかもしれないと思ったんだ,I thought Kyoya-senpai,,,
125_5_4.json,540,Dialog,Haruhi,けど……。,might have it open...,,,
125_5_4.json,541,Dialog,Haruhi,ただの鍵の閉め忘れ、かな。,Maybe I just forgot to lock it.,,,
125_5_4.json,544,Dialog,Haruhi,「……鏡夜先輩？」,...Kyoya-senpai?,,,
125_5_4.json,545,Dialog,Haruhi,なんとなく、名前を呼んでみた。,"I called out her name for some
reason.",,,
125_5_4.json,547,Dialog,Kyoya,「何か用か？」,What do you want?,,,
125_5_4.json,549,Dialog,Haruhi,"#Pos[0,20]#Scale[1.4]　　　　 「わあっ！」","#Pos[0,20]#Scale[1.4] Wow!",,,
125_5_4.json,555,Dialog,Haruhi,さっきまで誰もいなかったはずなのに、いつの,"Just now there was no one here, but
when",,,
125_5_4.json,556,Dialog,,間にか鏡夜先輩が真後ろに立っていた。,"did Kyoya-senpai get right behind
me?",,,
125_5_4.json,559,Dialog,Haruhi,「鏡夜先輩……、おどかさないでくださいよ」,Kyoya-senpai... don't scare me.,,,
125_5_4.json,564,Dialog,Kyoya,「呼ばれたから返事をしただけだが？」,"I just answered because I was
called.",,,
125_5_4.json,565,Dialog,Kyoya,それは確かに、鏡夜先輩の言う通りだけど……。,"That's true, Ootori-senpai...",,,
125_5_4.json,566,Dialog,Kyoya,でも、鏡夜先輩が自分の後ろにいたってことは、,But it means that Kyoya-senpai,,,
125_5_4.json,567,Dialog,Kyoya,今来たところなんだ。,just arrived.,,,
125_5_4.json,568,Dialog,Kyoya,なら、どうして鍵が開いてたんだろう……？,Then why was it unlocked...?,,,
125_5_4.json,569,Dialog,Kyoya,その疑問を投げかけようとしたとき――。,"Just as I was about to ask that
question--.",,,
125_5_4.json,577,Dialog,Kyoya,「須王、常陸院、埴之塚、銛之塚……」,"Sukao, Hitachiin, Haji no Tsuka, Une
no Tsuka...",,,
125_5_4.json,579,Dialog,Haruhi,「……え？」,...Huh?,,,
125_5_4.json,584,Dialog,Kyoya,「今回の件で、現在桜蘭学院を占めるいくつか,"The power balance among the
influential families currently
occupying",,,
125_5_4.json,585,Dialog,Kyoya,の名家のパワーバランスは大きく変わるだろう」,"Ouran Academy will likely change
dramatically due to this incident.",,,
125_5_4.json,594,Dialog,Kyoya,「それと、仕組まれた計画のすべてはすでに調,"And I've already investigated all
the planned",,,
125_5_4.json,595,Dialog,Kyoya,べ上げ、情報も手の内にある」,"schemes and have the information in
hand.",,,
125_5_4.json,597,Dialog,Haruhi,「仕組まれた、計画……？」,A setup... a plan...?,,,
125_5_4.json,602,Dialog,Kyoya,「ああ、そうだ。その情報はすべてディスクに,"Ah, right. I'll save all that
information",,,
125_5_4.json,603,Dialog,Kyoya,保存して、おまえに渡しておこう」,on a disk and give it to you.,,,
125_5_4.json,605,Dialog,Haruhi,「その情報っていうのは……」,"What information are you talking
about...",,,
125_5_4.json,613,Dialog,Kyoya,「おまえは俺について来ればいい」,Follow me.,,,
125_5_4.json,615,Dialog,Kyoya,あんまり意味がわからないけど――。,"I don't really get it, though--.",,,
125_5_4.json,616,Choice,Kyoya,……それって,...What's that?,,,
125_5_4.json,617,Choice,Kyoya,大丈夫です,I'm fine,,,
125_5_4.json,629,Dialog,Haruhi,「……それって」,That's...,,,
125_5_4.json,630,Dialog,Haruhi,どういうことかを聞こうとしたけど、すぐにさ,"I tried to ask what it meant,",,,
125_5_4.json,631,Dialog,Haruhi,えぎられた。,but was immediately cut off.,,,
125_5_4.json,636,Dialog,Kyoya,「余計なことを言うな」,Stop saying unnecessary things.,,,
125_5_4.json,638,Dialog,Haruhi,「……話がよく見えないんですけど」,I can't see what you're saying.,,,
125_5_4.json,643,Dialog,Kyoya,「まったく、おまえの天然ぶりにはあきれるな」,"Man, I'm amazed by your
airheadedness.",,,
125_5_4.json,645,Dialog,Haruhi,「すみませんね、天然で」,I'm sorry for being so clueless.,,,
125_5_4.json,653,Dialog,Kyoya,「……状況説明が必要だな」,...I need to explain the situation.,,,
125_5_4.json,654,Dialog,Kyoya,そう言って鏡夜先輩は、口を開いた。,"Saying that, Kyoya-senpai opened his
mouth.",,,
125_5_4.json,656,Dialog,Kyoya,その内容は――。,The contents are--.,,,
125_5_4.json,657,Dialog,Kyoya,補導事件は誰かに仕組まれたものであること、,"Someone set up the disciplinary
incident and",,,
125_5_4.json,658,Dialog,Kyoya,その裏で何者かが動いていること。,"someone's pulling the strings behind
it.",,,
125_5_4.json,659,Dialog,Kyoya,ホスト部を不道徳な部活だと取り上げ、そこに,"Expose the Host Club as an immoral
club activity and at least criticize",,,
125_5_4.json,660,Dialog,,理事長の息子が所属していることをせめて――。,"the fact that the board president's
son is a member--.",,,
125_5_4.json,661,Dialog,,理事長の座から失脚（しっきゃく）させ、須王,"I plan to remove you from your
position",,,
125_5_4.json,662,Dialog,,家の名に傷をつけるつもりだということ。,"as chairman and tarnish the Suou
name.",,,
125_5_4.json,663,Dialog,,それに対して、ホスト部のみんなは――。,"In response, everyone in the Host
Club--",,,
125_5_4.json,664,Dialog,,仕組んでいる相手を見つけ出すため、ギクシャ,"To find out who's behind this,",,,
125_5_4.json,665,Dialog,,クしたホスト部部員がぶつかり合う様子を見せ,I'll have to make the,,,
125_5_4.json,666,Dialog,,て……。,Host Club members clash...,,,
125_5_4.json,667,Dialog,,相手が動いたところで証拠をつかみ、すべてを,"It seems they're trying to catch
them",,,
125_5_4.json,668,Dialog,,解決しようとしているらしい。,in the act and solve everything.,,,
125_5_4.json,669,Dialog,,ちなみに自分が図書室で聞いたウワサは、鏡夜,"By the way, the rumor I heard in the",,,
125_5_4.json,670,Dialog,,先輩が流したものだった。,library was spread by Kyoya-senpai.,,,
125_5_4.json,672,Dialog,,鏡夜先輩の話で状況はわかったけど、納得でき,"I understand the situation from what
Kyoya-senpai",,,
125_5_4.json,673,Dialog,,ないことがひとつだけある。,"said, but there's one thing I can't
accept.",,,
125_5_4.json,675,Dialog,Haruhi,「どうして自分には教えてくれなかったんです,Why didn't you,,,
125_5_4.json,676,Dialog,Haruhi,か？」,tell me?,,,
125_5_4.json,683,Dialog,Kyoya,「理由なら言ったはずだ」,I already told you why.,,,
125_5_4.json,684,Dialog,Kyoya,理由？　そんなの聞いたっけ？,Reason? Did I ask for one?,,,
125_5_4.json,688,Dialog,Kyoya,そういえば――。,Oh yeah...,,,
125_5_4.json,696,Dialog,Kyoya,「特にハルヒ、おまえには何の力もないことを,"Especially you, Haruhi. Be aware",,,
125_5_4.json,697,Dialog,Kyoya,自覚しておけ」,that you have no power.,,,
125_5_4.json,702,Dialog,Kyoya,「特待生だからとも言えるが、おまえがうかつ,"You're a scholarship student, so if
you slip up,",,,
125_5_4.json,703,Dialog,Kyoya,に動くと、退学に追い込まれる可能性がある」,"there's a possibility that you'll be
expelled.",,,
125_5_4.json,706,Dialog,Kyoya,……そっか。,...I see.,,,
125_5_4.json,707,Dialog,Kyoya,みんなと違って自分には、家の力や権力がない。,"I don't have the power or influence
that they do.",,,
125_5_4.json,708,Dialog,Kyoya,だから、遠ざけようとしてくれたんだ……。,"That's why you tried to push me
away...",,,
125_5_4.json,715,Dialog,Kyoya,「思い出したようだな」,It seems you remember.,,,
125_5_4.json,720,Dialog,Kyoya,「……あとは、最初からここの鍵が開いていた,...And about this place being,,,
125_5_4.json,721,Dialog,Kyoya,件だが」,unlocked from the start...,,,
125_5_4.json,723,Dialog,Haruhi,「鍵は、鏡夜先輩が開けたのかと思ってました。,I thought Otori-senpai opened it.,,,
125_5_4.json,724,Dialog,Haruhi,でも、先輩は自分より後から来ましたよね？」,"But senpai came after me, right?",,,
125_5_4.json,725,Dialog,Haruhi,となると、どうして鍵が開いてたんだろう？,Then why was the door unlocked?,,,
125_5_4.json,730,Dialog,Kyoya,「なに、簡単なことだ。――この部屋のなかに,It's simple. --There's an,,,
125_5_4.json,731,Dialog,Kyoya,不法侵入者がいる」,intruder in this room.,,,
125_5_4.json,738,Dialog,,鏡夜先輩はそれだけ言って、さっさと体を離し,Kyoya-senpai said that,,,
125_5_4.json,739,Dialog,,た。,and quickly moved away.,,,
125_5_4.json,741,Dialog,,不法侵入者……？　今、この部屋に？,"An intruder...? Here, in this room,
right now?",,,
125_5_4.json,750,Dialog,Haruhi,「大丈夫です」,I've got it now.,,,
125_5_4.json,756,Dialog,Kyoya,「……ふ、上出来だ」,"...F-, that's good.",,,
125_5_4.json,758,Dialog,Kyoya,何が上出来なのかよくわからないけど。,"I don't really get what's so great
about it.",,,
125_5_4.json,760,Dialog,Kyoya,「まだよく理解していないようだが、ここに来,"You still don't seem to understand,
but coming",,,
125_5_4.json,761,Dialog,Kyoya,たということは……、何かを察したんだろう」,here means... you sensed something.,,,
125_5_4.json,762,Dialog,Kyoya,そうだ。光たちのケンカと、図書室で聞いたウ,"That's right. Hikaru and Kaoru's
fight, and the rumors I heard in the",,,
125_5_4.json,763,Dialog,Kyoya,ワサ……、いろいろ気になったことがある。,"library... there are a lot of things
that have been bothering me.",,,
125_5_4.json,771,Dialog,Kyoya,「……状況説明が必要だな」,...I need to explain the situation.,,,
125_5_4.json,773,Dialog,Kyoya,その内容は――。,The contents are--.,,,
125_5_4.json,774,Dialog,Kyoya,補導された事件から仕組まれていたこと、その,It was all set up. Someone's been,,,
125_5_4.json,775,Dialog,Kyoya,裏で何者かが動いていること。,pulling strings behind the scenes.,,,
125_5_4.json,776,Dialog,Kyoya,ホスト部を標的に、高校生にふさわしくない部,"Target the Host Club, expose it as
an unsuitable club",,,
125_5_4.json,777,Dialog,Kyoya,活だと取り上げ、理事長の息子が所属している,"for high school students, and at
least criticize",,,
125_5_4.json,778,Dialog,,ことをせめて――。,"the fact that the president's son is
a member--.",,,
125_5_4.json,779,Dialog,,理事長の座から失脚（しっきゃく）させて、須,"The plan is to remove her from the
presidency",,,
125_5_4.json,780,Dialog,,王の名前に傷をつける計画だということ。,and tarnish the Suou name.,,,
125_5_4.json,781,Dialog,,それに対して、ホスト部のみんなは――。,"In response, everyone in the Host
Club--",,,
125_5_4.json,782,Dialog,,仕組んでいる相手を見つけ出すため、ギクシャ,"To find out who's behind this,",,,
125_5_4.json,783,Dialog,,クしたホスト部部員がぶつかり合う様子を見せ,I'll have to make the,,,
125_5_4.json,784,Dialog,,て……。,Host Club members clash...,,,
125_5_4.json,785,Dialog,,相手が動いたところで証拠をつかみ、すべてを,"It seems they're trying to catch
them",,,
125_5_4.json,786,Dialog,,解決しようとしているらしい。,in the act and solve everything.,,,
125_5_4.json,787,Dialog,,ちなみに自分が図書室で聞いたウワサは、鏡夜,"By the way, the rumor I heard in the
library",,,
125_5_4.json,788,Dialog,,先輩が流したものらしい。,"seems to have come from
Kyoya-senpai.",,,
125_5_4.json,790,Dialog,,そういうことだったのか。,So that's how it was.,,,
125_5_4.json,797,Dialog,Kyoya,「本当に俺が何もしないと思ったか」,Did you really think I'd do nothing?,,,
125_5_4.json,799,Dialog,Haruhi,「……イエ、だからここまで来たんです。１番,"... Yeah, that's why I came here. To
look for you,",,,
125_5_4.json,800,Dialog,Haruhi,状況を知っているはずの、鏡夜先輩を捜して」,"Kyoya-senpai, since you know the
situation best.",,,
125_5_4.json,801,Dialog,Haruhi,状況はわかったけど、納得できないことがひと,"I understand the situation, but
there's",,,
125_5_4.json,802,Dialog,Haruhi,つだけある。,one thing I can't accept.,,,
125_5_4.json,804,Dialog,Haruhi,「どうして自分には教えてくれなかったんです,Why didn't you,,,
125_5_4.json,805,Dialog,Haruhi,か？」,tell me?,,,
125_5_4.json,814,Dialog,Kyoya,「理由なら言ったはずだ」,I already told you why.,,,
125_5_4.json,815,Dialog,Kyoya,理由？　そんなの聞いたっけ？,Reason? Did I ask for one?,,,
125_5_4.json,818,Dialog,Kyoya,そういえば――。,Oh yeah...,,,
125_5_4.json,826,Dialog,Kyoya,「特にハルヒ、おまえには何の力もないことを,"Especially you, Haruhi. Be aware",,,
125_5_4.json,827,Dialog,Kyoya,自覚しておけ」,that you have no power.,,,
125_5_4.json,832,Dialog,Kyoya,「特待生だからとも言えるが、おまえがうかつ,"You're a scholarship student, so if
you slip up,",,,
125_5_4.json,833,Dialog,Kyoya,に動くと、退学に追い込まれる可能性がある」,"there's a possibility you could be
expelled.",,,
125_5_4.json,836,Dialog,Kyoya,……そっか。,...I see.,,,
125_5_4.json,837,Dialog,Kyoya,みんなと違って自分には、家の力や権力がない。,"I don't have the power or influence
that they do.",,,
125_5_4.json,838,Dialog,Kyoya,だから、遠ざけようとしてくれたんだ……。,"That's why you tried to push me
away...",,,
125_5_4.json,845,Dialog,Kyoya,「思い出したようだな」,It seems you remember.,,,
125_5_4.json,850,Dialog,Kyoya,「……あとは、最初からここの鍵が開いていた,...And about this place being,,,
125_5_4.json,851,Dialog,Kyoya,件だが」,unlocked from the start...,,,
125_5_4.json,853,Dialog,Haruhi,「鍵は、鏡夜先輩が開けたのかと思ってました。,I thought Otori-senpai opened it.,,,
125_5_4.json,854,Dialog,Haruhi,でも、先輩は自分より後から来ましたよね？」,"But senpai came after me, right?",,,
125_5_4.json,855,Dialog,Haruhi,となると、どうして鍵が開いてたんだろう？,Then why was the door unlocked?,,,
125_5_4.json,860,Dialog,Kyoya,「なに、簡単なことだ。――この部屋のなかに,It's simple. --There's an,,,
125_5_4.json,861,Dialog,Kyoya,不法侵入者がいる」,intruder in this room.,,,
125_5_4.json,868,Dialog,,鏡夜先輩はそれだけ言って、さっさと体を離し,Kyoya-senpai said that,,,
125_5_4.json,869,Dialog,,た。,and quickly moved away.,,,
125_5_4.json,871,Dialog,,不法侵入者……？　今、この部屋に？,"An intruder...? Here, in this room,
right now?",,,
125_5_4.json,878,Dialog,,そっと柱の陰やカーテンの後ろを見てみるけど、,"I peek behind the pillars and
curtains,",,,
125_5_4.json,879,Dialog,,誰もいない……。,but no one's there...,,,
125_5_4.json,887,Dialog,Kyoya,「そんなに驚くこともないぞ。今さっき出て行っ,There's no need to be so,,,
125_5_4.json,888,Dialog,Kyoya,たからな」,surprised. She just left.,,,
125_5_4.json,889,Dialog,Kyoya,あ、そうなんだ……。緊張して損した……。,"Oh, I see... I wasted my
nervousness...",,,
125_5_4.json,891,Dialog,Haruhi,「……って！　捕まえなくて良かったんです,...So! You're glad,,,
125_5_4.json,892,Dialog,Haruhi,か？」,I didn't catch it?,,,
125_5_4.json,901,Dialog,Kyoya,「まだその必要はない」,We don't need that yet.,,,
125_5_4.json,902,Dialog,Kyoya,あせる自分とは対照的に、鏡夜先輩は余裕の笑,"In contrast to my flustered self,
Kyoya-senpai",,,
125_5_4.json,903,Dialog,Kyoya,みを浮かべる。,wears a confident smile.,,,
125_5_4.json,904,Dialog,Kyoya,つまり、これも計画のうちなんだ。,"In other words, this is part of the
plan too.",,,
125_5_4.json,905,Dialog,Kyoya,……鏡夜先輩は、どこまで考えて行動している,...Just how much does Kyoya-senpai,,,
125_5_4.json,906,Dialog,Kyoya,んだろう？,think things through?,,,
125_5_4.json,914,Dialog,Kyoya,「ハルヒ。ひとつ頼みがある」,Haruhi. I have a favor to ask.,,,
125_5_4.json,916,Dialog,Haruhi,「え？　はい」,「Huh? Okay.」,,,
125_5_4.json,921,Dialog,Kyoya,「放課後、部室に来てくれ。……おもしろい見,"Come to the club room after
school...",,,
125_5_4.json,922,Dialog,Kyoya,世物を見せてやるぞ」,I'll show you something interesting.,,,
125_5_4.json,924,Dialog,Haruhi,「見世物ですか」,Are you putting on a show?,,,
125_5_4.json,925,Dialog,Haruhi,何があるのかはわからないけど――。,"I don't know what's there, but--.",,,
125_5_4.json,927,Dialog,Haruhi,「わかりました。必ず来ます」,「Got it. I'll definitely come.」,,,
125_5_4.json,929,Dialog,Haruhi,事態が動き出すことだけは確かな気がした。,"I have a feeling things are about to
get moving.",,,
125_5_4.json,934,Dialog,,……光。,...Hikaru.,,,
125_5_4.json,935,Dialog,,考えてみると、最近ほとんど話してないな,"Thinking about it, we haven't",,,
125_5_4.json,936,Dialog,,あ……。,talked much lately...,,,
125_5_4.json,937,Dialog,,改めて教室を見渡してみるけど、光の姿はない。,"I look around the classroom again,
but Hikaru isn't here.",,,
125_5_4.json,938,Dialog,,……ちょっと、捜してみようかな。,"...Hey, let's look for it.",,,
125_5_4.json,939,Dialog,,心あたりといったら、あそこくらいしかないけ,"If I had to guess, it",,,
125_5_4.json,940,Dialog,,ど――。,would be over there...,,,
125_5_4.json,948,Dialog,,いなかったらどこを捜そうかと思いながら来て,"I came here wondering where to look
if",,,
125_5_4.json,949,Dialog,,みると、光の姿があった。,"he wasn't there, but I found Hikaru.",,,
125_5_4.json,950,Dialog,,とりあえず、いてくれて良かったけど……。,"I'm glad you're here, but...",,,
125_5_4.json,952,Dialog,Haruhi,「……光」,「...Hikaru」,,,
125_5_4.json,961,Dialog,Hikaru,「あ、ハルヒ……」,"「Ah, Haruhi...」",,,
125_5_4.json,965,Dialog,Hikaru,光は一瞬うれしそうな顔をしたけど、すぐに表,Hikaru looked happy for a moment but,,,
125_5_4.json,966,Dialog,Hikaru,情をくもらせてしまった。,quickly clouded his expression.,,,
125_5_4.json,968,Dialog,Hikaru,「……なんか用？」,What's up?,,,
125_5_4.json,970,Dialog,Haruhi,「なんかって……。最近、光とあんまり話して,I mean... We haven't really,,,
125_5_4.json,971,Dialog,Haruhi,ないから――」,talked much recently--,,,
125_5_4.json,979,Dialog,Hikaru,「……話すことなんか、別にないし」,"There's nothing to talk about
anyway.",,,
125_5_4.json,980,Dialog,Hikaru,そうつぶやいて、自分から視線をそらす光。,"Hikaru looks away after muttering
that.",,,
125_5_4.json,981,Choice,Hikaru,だから？,So what?,,,
125_5_4.json,982,Choice,Hikaru,……そう,...I see.,,,
125_5_4.json,997,Dialog,Haruhi,「だから？」,So what?,,,
125_5_4.json,1002,Dialog,Hikaru,「だからって？　何だよ、それ」,What's that supposed to mean?,,,
125_5_4.json,1004,Dialog,Haruhi,「あのケンカ、お芝居だよね」,"That fight was just an act, right?",,,
125_5_4.json,1013,Dialog,Hikaru,「なっ……、なに言ってんの」,What... what are you saying?,,,
125_5_4.json,1015,Dialog,Haruhi,「みんなはだませたかもしれないけど、あれが,"I might've fooled everyone else,",,,
125_5_4.json,1016,Dialog,Haruhi,演技だってことくらいわかるよ」,but I know that wasn't real.,,,
125_5_4.json,1023,Dialog,Haruhi,「だいたい、環先輩たちがいて２人を止めない,It's weird that Senpai and the,,,
125_5_4.json,1024,Dialog,Haruhi,なんておかしい」,others didn't stop them.,,,
125_5_4.json,1032,Dialog,Hikaru,「そんなこと、ないよ……」,That's not true...,,,
125_5_4.json,1034,Dialog,Haruhi,「あるよ」,Got it.,,,
125_5_4.json,1042,Dialog,Hikaru,「う…………」,「u...」,,,
125_5_4.json,1048,Dialog,Hikaru,光は、あきらめたようにため息をついた。,Hikaru sighed in resignation.,,,
125_5_4.json,1050,Dialog,Hikaru,「……しかたないか」,I guess there's nothing to do.,,,
125_5_4.json,1052,Dialog,Haruhi,「やっぱり、何か隠してたんだ」,I knew you were hiding something.,,,
125_5_4.json,1057,Dialog,Hikaru,「別に隠してたってワケじゃないけどさ……。,"I'm not trying to hide anything or
whatever...",,,
125_5_4.json,1058,Dialog,Hikaru,ホスト部のためだったんだよ」,It was for the Host Club.」,,,
125_5_4.json,1059,Dialog,Hikaru,そう言って、光は口を開いた。,Hikaru opened his mouth and said.,,,
125_5_4.json,1061,Dialog,Hikaru,その内容は――。,The contents are--.,,,
125_5_4.json,1062,Dialog,Hikaru,生徒が補導された事件は、やはり誰かが裏で動,"It seems someone was behind the
scenes setting",,,
125_5_4.json,1063,Dialog,Hikaru,いて、仕組んだものらしい。,"up the incident where a student was
counseled.",,,
125_5_4.json,1064,Dialog,,仕組んだ人物はホスト部を不道徳な部活だとあ,"The person behind it made the Host
Club",,,
125_5_4.json,1065,Dialog,,おり、理事長の息子がそこに所属していること,"seem immoral and criticized the
principal's",,,
125_5_4.json,1066,Dialog,,をせめ――。,son for being a member--.,,,
125_5_4.json,1068,Dialog,,最終的に理事長の座から失脚（しっきゃく）さ,"In the end, they're trying to force
the president",,,
125_5_4.json,1069,Dialog,,せ、須王家の名に傷をつけようとしている。,"from his position and tarnish the
Suou name.",,,
125_5_4.json,1070,Dialog,,それに対して、ホスト部のみんなは――。,"In response, everyone in the Host
Club--",,,
125_5_4.json,1071,Dialog,,仕組んでいる相手を見つけ出すため、ギクシャ,"To find out who's behind this,",,,
125_5_4.json,1072,Dialog,,クしたホスト部部員がぶつかり合う様子を見せ,I'll have to make the,,,
125_5_4.json,1073,Dialog,,て……。,Host Club members clash...,,,
125_5_4.json,1074,Dialog,,相手が動いたところで証拠をつかみ、すべてを,"It seems they're trying to catch
them",,,
125_5_4.json,1075,Dialog,,解決しようとしているらしい。,in the act and solve everything.,,,
125_5_4.json,1076,Dialog,,ちなみに自分が図書室で聞いたウワサは、鏡夜,"By the way, the rumor I heard in the",,,
125_5_4.json,1077,Dialog,,先輩が流したものだった。,library was spread by Kyoya-senpai.,,,
125_5_4.json,1079,Dialog,,話を聞いて状況はわかったけど、納得できない,"I understand the situation now, but",,,
125_5_4.json,1080,Dialog,,ことがひとつだけあった。,there's one thing I can't accept.,,,
125_5_4.json,1082,Dialog,Haruhi,「どうして自分には教えてくれなかったの？」,Why didn't you tell me?,,,
125_5_4.json,1089,Dialog,Hikaru,「それは……」,That is...,,,
125_5_4.json,1090,Dialog,Hikaru,言いにくそうに、光は言葉をきる。,Hikaru hesitates and stops speaking.,,,
125_5_4.json,1095,Dialog,Hikaru,「……相手が、一番手を出しやすいから」,"...Because it's easiest for them to
make the first move.",,,
125_5_4.json,1096,Dialog,Hikaru,手を出しやすいって……。,It's easy to get involved...,,,
125_5_4.json,1098,Dialog,Hikaru,そこまで聞いて、鏡夜先輩の言葉を思い出した。,"After hearing that far, I remembered
what Kyoya-senpai said.",,,
125_5_4.json,1106,Dialog,Kyoya,「特にハルヒ、おまえには何の力もないことを,"Especially you, Haruhi. Be aware",,,
125_5_4.json,1107,Dialog,Kyoya,自覚しておけ」,that you have no power.,,,
125_5_4.json,1112,Dialog,Kyoya,「特待生だからとも言えるが、おまえがうかつ,"You're a scholarship student, so if
you slip",,,
125_5_4.json,1113,Dialog,Kyoya,に動くと、退学に追い込まれる可能性がある」,"up, there's a possibility you'll be
expelled.",,,
125_5_4.json,1123,Dialog,Hikaru,「だからハルヒのためにも、僕たちが注意をひ,So that we can draw attention,,,
125_5_4.json,1124,Dialog,Hikaru,こうと思って……」,"for you too, Haruhi...",,,
125_5_4.json,1125,Dialog,Hikaru,巻き込まれないように、遠ざけようとしてくれ,He tried to keep me at a distance,,,
125_5_4.json,1126,Dialog,Hikaru,たんだ……。,so I wouldn't get involved...,,,
125_5_4.json,1128,Dialog,Hikaru,光はその場に座り込む。,Hikaru sits down there.,,,
125_5_4.json,1131,Dialog,Haruhi,「だからみんな、様子が変だったんだね」,"So that's why everyone was acting
weird.",,,
125_5_4.json,1134,Dialog,Hikaru,「変って……。けっこーうまくやったつもりだっ,I did pretty well...,,,
125_5_4.json,1135,Dialog,Hikaru,たのに」,I thought.,,,
125_5_4.json,1137,Dialog,Hikaru,「……殿が、僕たちのケンカを止めないほうが,"It's your fault for saying it was
'cool'",,,
125_5_4.json,1138,Dialog,Hikaru,【それらしい】とか言ったせいだ」,that you didn't stop our fight.,,,
125_5_4.json,1139,Dialog,Hikaru,そう言いながら、光は子どものようにすねてい,Hikaru pouts,,,
125_5_4.json,1140,Dialog,Hikaru,る。,like a child.,,,
125_5_4.json,1145,Dialog,Hikaru,「……何？」,「......What?」,,,
125_5_4.json,1148,Dialog,Hikaru,「気をつかわなくていいよ」,Don't worry about it.,,,
125_5_4.json,1151,Dialog,Hikaru,「熱はないから」,You don't have a fever.,,,
125_5_4.json,1156,Dialog,Hikaru,「ハルヒ……」,Haruhi...,,,
125_5_4.json,1158,Dialog,Haruhi,「バレバレだったけど、気持ちはうれしいよ。,"""Even if it was obvious, I'm happy
you feel that way.",,,
125_5_4.json,1159,Dialog,Haruhi,ありがとう」,Thank you.」,,,
125_5_4.json,1161,Dialog,Hikaru,「……まあ、バレちゃったものはしょうがない,"Well, now that it's out, there's",,,
125_5_4.json,1162,Dialog,Hikaru,し」,no point in hiding it.,,,
125_5_4.json,1164,Dialog,Hikaru,「こうなったら、ハルヒも仲間に入れてやるよ」,"I'll let you join us too, Haruhi.",,,
125_5_4.json,1166,Dialog,Haruhi,「うん、よろしくね」,"Okay, take care.",,,
125_5_4.json,1167,Dialog,Haruhi,なんか、やっと安心できた気がする。,I finally feel at ease.,,,
125_5_4.json,1174,Dialog,Haruhi,「……そう」,...So.,,,
125_5_4.json,1175,Dialog,Haruhi,自分でもびっくりするくらい、寂しそうな声だっ,I was surprised by how lonely,,,
125_5_4.json,1176,Dialog,Haruhi,た。,my voice sounded.,,,
125_5_4.json,1184,Dialog,Hikaru,「……ちょ、ハルヒ？」,Wha... Haruhi?,,,
125_5_4.json,1186,Dialog,Haruhi,「ごめん。それなら、もう話しかけないよ」,"Sorry. Then I won't talk to you
anymore.",,,
125_5_4.json,1192,Dialog,Hikaru,「なっ……！？」,「N-Nh...! ?」,,,
125_5_4.json,1197,Dialog,Hikaru,「何でそうなるんだよ！？　ハルヒは僕たちの,Why would it be like that!?,,,
125_5_4.json,1198,Dialog,Hikaru,友だちじゃんか！！」,"Haruhi's our friend, right!?",,,
125_5_4.json,1201,Dialog,Haruhi,「……光……？」,「......Hikaru......?」,,,
125_5_4.json,1209,Dialog,Hikaru,「…………あ」,「......ah」,,,
125_5_4.json,1215,Dialog,Hikaru,光は、あきらめたようにため息をついた。,Hikaru sighed in resignation.,,,
125_5_4.json,1217,Dialog,Hikaru,「……しかたないか」,I guess there's nothing to do.,,,
125_5_4.json,1219,Dialog,Haruhi,「やっぱり、何か隠してたんだ」,I knew you were hiding something.,,,
125_5_4.json,1224,Dialog,Hikaru,「別に隠してたってワケじゃないけどさ……。,"I'm not trying to hide anything or
whatever...",,,
125_5_4.json,1225,Dialog,Hikaru,ホスト部のためだったんだよ」,It was for the Host Club.」,,,
125_5_4.json,1226,Dialog,Hikaru,そう言って、光は口を開いた。,Hikaru opened his mouth and said.,,,
125_5_4.json,1228,Dialog,Hikaru,その内容は――。,The contents are--.,,,
125_5_4.json,1229,Dialog,Hikaru,生徒が補導された事件は、やはり誰かが裏で動,"It seems someone was pulling strings
behind",,,
125_5_4.json,1230,Dialog,Hikaru,いて、仕組んだものらしい。,"the scenes to make that incident
happen.",,,
125_5_4.json,1231,Dialog,,仕組んだ人物はホスト部を不道徳な部活だとあ,"The person behind it made the Host
Club",,,
125_5_4.json,1232,Dialog,,おり、理事長の息子がそこに所属していること,"seem immoral and criticized the
principal's",,,
125_5_4.json,1233,Dialog,,をせめ――。,son for being a member--.,,,
125_5_4.json,1234,Dialog,,最終的に理事長の座から失脚（しっきゃく）さ,"In the end, they're trying to force
the president",,,
125_5_4.json,1235,Dialog,,せ、須王家の名に傷をつけようとしている。,"from his position and tarnish the
Suou name.",,,
125_5_4.json,1236,Dialog,,それに対して、ホスト部のみんなは――。,"On the other hand, everyone in the
Host Club--.",,,
125_5_4.json,1238,Dialog,,仕組んでいる相手を見つけ出すため、ギクシャ,"To find out who's behind this,",,,
125_5_4.json,1239,Dialog,,クしたホスト部部員がぶつかり合う様子を見せ,I'll have to make the,,,
125_5_4.json,1240,Dialog,,て……。,Host Club members clash...,,,
125_5_4.json,1241,Dialog,,相手が動いたところで証拠をつかみ、すべてを,"It seems they're trying to catch
them",,,
125_5_4.json,1242,Dialog,,解決しようとしているらしい。,in the act and solve everything.,,,
125_5_4.json,1243,Dialog,,ちなみに自分が図書室で聞いたウワサは、鏡夜,"By the way, the rumor I heard in the",,,
125_5_4.json,1244,Dialog,,先輩が流したものだった。,library was spread by Kyoya-senpai.,,,
125_5_4.json,1246,Dialog,,話を聞いて状況はわかったけど、納得できない,"I understand the situation now, but",,,
125_5_4.json,1247,Dialog,,ことがひとつだけあった。,there's one thing I can't accept.,,,
125_5_4.json,1249,Dialog,Haruhi,「どうして自分には教えてくれなかったの？」,Why didn't you tell me?,,,
125_5_4.json,1256,Dialog,Hikaru,「それは……」,That is...,,,
125_5_4.json,1257,Dialog,Hikaru,言いにくそうに、光は言葉をきる。,Hikaru hesitates and stops speaking.,,,
125_5_4.json,1262,Dialog,Hikaru,「……相手が、一番手を出しやすいから」,"...Because it's easiest for them to
make the first move.",,,
125_5_4.json,1263,Dialog,Hikaru,手を出しやすいって……。,It's easy to get involved...,,,
125_5_4.json,1265,Dialog,Hikaru,そこまで聞いて、鏡夜先輩の言葉を思い出した。,"Hearing that much made me remember
what Kyoya-senpai said.",,,
125_5_4.json,1273,Dialog,Kyoya,「特にハルヒ、おまえには何の力もないことを,"Especially you, Haruhi. Be aware",,,
125_5_4.json,1274,Dialog,Kyoya,自覚しておけ」,that you have no power.,,,
125_5_4.json,1279,Dialog,Kyoya,「特待生だからとも言えるが、おまえがうかつ,"You're a scholarship student, so if
you slip",,,
125_5_4.json,1280,Dialog,Kyoya,に動くと、退学に追い込まれる可能性がある」,"up, there's a possibility you'll be
expelled.",,,
125_5_4.json,1290,Dialog,Hikaru,「だからハルヒのためにも、僕たちが注意をひ,So that we can draw attention,,,
125_5_4.json,1291,Dialog,Hikaru,こうと思って……」,"for you too, Haruhi...",,,
125_5_4.json,1296,Dialog,Hikaru,「でも、もうバラしちゃったし。ハルヒも仲間,"But I've already let the cat out of
the",,,
125_5_4.json,1297,Dialog,Hikaru,に入れてやるよ」,"bag. I'll let you in on it too,
Haruhi.",,,
125_5_4.json,1299,Dialog,Haruhi,「……うん、よろしく」,"...Yeah, take care.",,,
125_5_4.json,1301,Dialog,Haruhi,光の話を聞いて、なんだか安心できたような気,I feel better after hearing,,,
125_5_4.json,1302,Dialog,Haruhi,がする。,Hikaru's story.,,,
125_5_4.json,1308,Dialog,,でも、自分はどうすればいいんだろう……？,But what should I do...?,,,
125_5_4.json,1310,Dialog,Haruhi,「ねえ光、何かしたほうがいいこととかある？」,"Hey Hikaru, got anything I should
do?",,,
125_5_4.json,1317,Dialog,Hikaru,「鏡夜先輩が言うには、放っておいても動きが,"Kyoya-senpai says we'll figure it
out",,,
125_5_4.json,1318,Dialog,Hikaru,出てくるから、気をつけてればいいってさ」,"as we go along, so just be careful.",,,
125_5_4.json,1320,Dialog,Haruhi,「気をつけろって言われても……」,"I can't help it even if you tell me
to be careful...",,,
125_5_4.json,1325,Dialog,Hikaru,「ハルヒは僕と一緒にいればいいよ」,"Be with me, Haruhi.",,,
125_5_4.json,1326,Dialog,Hikaru,光はいたずらっ子のように笑う。,"Hikaru grinned like a mischievous
child.",,,
125_5_4.json,1334,Dialog,Hikaru,「あれだけハデにやれば、さすがにだまされて,Even I can fool them with,,,
125_5_4.json,1335,Dialog,Hikaru,くれるよねー」,such an elaborate act--,,,
125_5_4.json,1338,Dialog,Haruhi,「よくわかんないけど……。一緒にいるんなら、,I don't get it... But if you're with,,,
125_5_4.json,1339,Dialog,Haruhi,自分にも手伝えることは言ってよ」,"me, tell me when I can help.",,,
125_5_4.json,1348,Dialog,Hikaru,「わかったわかった」,"Got it, got it.",,,
125_5_4.json,1350,Dialog,Hikaru,光はすっかり楽しそうにしてるけど、気を抜か,"Hikaru looks like he's having fun,",,,
125_5_4.json,1351,Dialog,Hikaru,ないようにしないと……。,but I can't let my guard down...,,,
125_5_4.json,1356,Dialog,,馨……。,Kaoru...,,,
125_5_4.json,1357,Dialog,,考えてみると、最近ほとんど話してないなあ。,"Thinking about it, we haven't talked
much lately.",,,
125_5_4.json,1358,Dialog,,改めて教室を見渡してみても、馨の姿はない。,"Looking around the classroom again,
I don't see Kaoru.",,,
125_5_4.json,1359,Dialog,,ちょっと捜してみようかな。なんとなく、あそ,I'll give it a look around. I think,,,
125_5_4.json,1360,Dialog,,こかな――。,it might be over there...,,,
125_5_4.json,1362,Dialog,,お昼休みの図書室は、人もいなくて静かだった。,"The library was quiet during lunch
break.",,,
125_5_4.json,1368,Dialog,,馨は真剣な表情で本棚を見つめて立っている。,"Kaoru stands staring at the
bookshelf with a serious expression.",,,
125_5_4.json,1370,Dialog,Haruhi,「馨」,「Kaoru」,,,
125_5_4.json,1376,Dialog,Kaoru,「あ、ハルヒ……」,"「Ah, Haruhi...」",,,
125_5_4.json,1378,Dialog,Haruhi,「捜したよ。馨と話したいことがあって……」,"I looked for you. I have something
to talk to Kaoru about...",,,
125_5_4.json,1386,Dialog,Kaoru,「僕は、ハルヒと話すことなんて何もないよ」,"I don't have anything to talk about
with Haruhi.",,,
125_5_4.json,1387,Dialog,Kaoru,馨の表情はくもったままだ。,Kaoru's expression remains cloudy.,,,
125_5_4.json,1388,Choice,Kaoru,……本当？,...Really?,,,
125_5_4.json,1389,Choice,Kaoru,あるよ,Got it.,,,
125_5_4.json,1401,Dialog,Haruhi,「……本当？」,...Really?,,,
125_5_4.json,1406,Dialog,Kaoru,「……本当だってば」,I'm serious!,,,
125_5_4.json,1408,Dialog,Haruhi,「……前の馨たちのケンカ、お芝居だよね。,"That fight between Kaoru and Hikaru
before was just an act, right?",,,
125_5_4.json,1409,Dialog,Haruhi,先輩たちが止めないのも」,If you guys don't stop me too,,,
125_5_4.json,1419,Dialog,Haruhi,「もう気づいてるよ。ホスト部のみんなで、何,I already noticed. The Host Club,,,
125_5_4.json,1420,Dialog,Haruhi,か行動を起こしてる」,members are doing something.,,,
125_5_4.json,1422,Dialog,Haruhi,「何してるのか、教えてくれるよね。馨」,"Tell me what you're doing, Kaoru.",,,
125_5_4.json,1431,Dialog,Kaoru,「……わかったよ」,...Fine.,,,
125_5_4.json,1432,Dialog,Kaoru,うなずいて、馨は口を開く。,"Nodding, Kaoru opens his mouth.",,,
125_5_4.json,1434,Dialog,Kaoru,その内容は――。,The contents are--.,,,
125_5_4.json,1435,Dialog,Kaoru,生徒が補導された事件は、やはり誰かが裏で動,"It seems someone was pulling strings
behind",,,
125_5_4.json,1436,Dialog,Kaoru,いて、仕組んだものらしい。,"the scenes to make that incident
happen.",,,
125_5_4.json,1437,Dialog,Kaoru,仕組んだ人物はホスト部を不道徳な部活だとあ,"The person behind it made the Host
Club",,,
125_5_4.json,1438,Dialog,,おり、理事長の息子がそこに所属していること,"seem immoral and criticized the
principal's",,,
125_5_4.json,1439,Dialog,,をせめ――。,son for being a member--.,,,
125_5_4.json,1440,Dialog,,最終的に理事長の座から失脚（しっきゃく）さ,"In the end, they're trying to force
the president",,,
125_5_4.json,1441,Dialog,,せ、須王家の名に傷をつけようとしている。,"from his position and tarnish the
Suou name.",,,
125_5_4.json,1442,Dialog,,それに対して、ホスト部のみんなは――。,"On the other hand, everyone in the
Host Club--.",,,
125_5_4.json,1443,Dialog,,仕組んでいる相手を見つけ出すため、ギクシャ,"To find out who's behind this,",,,
125_5_4.json,1444,Dialog,,クしたホスト部部員がぶつかり合う様子を見せ,I'll have to make the,,,
125_5_4.json,1445,Dialog,,て……。,Host Club members clash...,,,
125_5_4.json,1446,Dialog,,相手が動いたところで証拠をつかみ、すべてを,"It seems they're trying to catch
them",,,
125_5_4.json,1447,Dialog,,解決しようとしているらしい。,in the act and solve everything.,,,
125_5_4.json,1448,Dialog,,ちなみに自分が図書室で聞いたウワサは、鏡夜,"By the way, the rumor I heard in the",,,
125_5_4.json,1449,Dialog,,先輩が流したものだった。,library was spread by Kyoya-senpai.,,,
125_5_4.json,1457,Dialog,Kaoru,「ごめん、ハルヒ……。話すことないなんて言っ,"Sorry, Haruhi... I shouldn't have
said",,,
125_5_4.json,1458,Dialog,Kaoru,ちゃって」,there was nothing to talk about.,,,
125_5_4.json,1460,Dialog,Haruhi,「いいよ、今ぜんぶ話してくれたんだし」,"Sure, you told me everything
already.",,,
125_5_4.json,1461,Dialog,Haruhi,話で状況はわかったけど、納得できないことが,"I get the story, but there's",,,
125_5_4.json,1462,Dialog,Haruhi,ひとつだけある。,one thing I don't buy.,,,
125_5_4.json,1465,Dialog,Haruhi,「どうして自分には秘密にしたの？」,"Why did you keep it a secret from
me?",,,
125_5_4.json,1470,Dialog,Kaoru,「それは、ホスト部のためでもあるけど……」,That's also for the Host Club...,,,
125_5_4.json,1475,Dialog,Kaoru,「ハルヒを危ない目に遭わせないためかな」,To keep Haruhi out of harm's way?,,,
125_5_4.json,1477,Dialog,Haruhi,「……よくわからないんだけど？」,I don't really get it?,,,
125_5_4.json,1484,Dialog,,自分の言葉に、やれやれという感じで馨が答え,Kaoru answers,,,
125_5_4.json,1485,Dialog,,る。,with a sigh.,,,
125_5_4.json,1487,Dialog,Kaoru,「僕らには、【常陸院】っていう家の力がある,"We have the power of the Hitachin
family behind",,,
125_5_4.json,1488,Dialog,Kaoru,から簡単に手を出されることはないけど――」,"us, so no one will easily mess with
us--",,,
125_5_4.json,1490,Dialog,Kaoru,「……ハルヒには、それがない」,...Haruhi doesn't have that.,,,
125_5_4.json,1492,Dialog,Kaoru,そう言われて、鏡夜先輩の言葉を思い出す。,"Saying that reminds me of what
Kyoya-senpai said.",,,
125_5_4.json,1500,Dialog,Kyoya,「特にハルヒ、おまえには何の力もないことを,"Especially you, Haruhi. Be aware",,,
125_5_4.json,1501,Dialog,Kyoya,自覚しておけ」,that you have no power.,,,
125_5_4.json,1506,Dialog,Kyoya,「特待生だからとも言えるが、おまえがうかつ,"You're a scholarship student, so you
could say that, but if you",,,
125_5_4.json,1507,Dialog,Kyoya,に動くと、退学に追い込まれる可能性がある」,"act recklessly, there's a
possibility you'll be expelled.",,,
125_5_4.json,1516,Dialog,,馨が静かにうなずく。,Kaoru quietly nods.,,,
125_5_4.json,1517,Dialog,,だから馨たちも、自分に黙ってケンカしたフリ,"So that's why Kaoru and the others
pretended",,,
125_5_4.json,1518,Dialog,,をしたりしてたんだ……。,to fight with me in secret...,,,
125_5_4.json,1520,Dialog,Haruhi,「……ごめん。迷惑かけてた……」,...Sorry. I was causing trouble...,,,
125_5_4.json,1526,Dialog,Kaoru,「あはは、今度はハルヒがあやまるんだ？,"Haha, this time Haruhi's the one
apologizing?",,,
125_5_4.json,1527,Dialog,Kaoru,いいよ、言わなかった僕たちが悪いんだか,"It's fine, it's our fault",,,
125_5_4.json,1528,Dialog,Kaoru,らさ」,for not telling you.」,,,
125_5_4.json,1529,Dialog,Kaoru,馨がいつもみたいに笑ってくれた。,Kaoru smiled like always.,,,
125_5_4.json,1533,Dialog,,本当の話を聞けたのもあって、やっと安心した,I feel relieved now that,,,
125_5_4.json,1534,Dialog,,感じだな。,I heard the truth.,,,
125_5_4.json,1536,Dialog,Haruhi,「で、馨は何の本を見てたの？」,"So, what book were you reading,
Kaoru?",,,
125_5_4.json,1537,Dialog,Haruhi,馨が眺めていた本棚に目を向けると、心理学の,"Looking at the bookshelf Kaoru was
staring at, I",,,
125_5_4.json,1538,Dialog,Haruhi,ガイドブックや専門書がズラリと並んでいる。,"saw a row of psychology guidebooks
and textbooks.",,,
125_5_4.json,1539,Dialog,Haruhi,馨も、厚めの専門書を１冊持っている。,"Kaoru also has one thick
professional book.",,,
125_5_4.json,1541,Dialog,Haruhi,心理学って、どうしてまた……。,Why psychology again...?,,,
125_5_4.json,1546,Dialog,Kaoru,「ちょっと興味があってね。ハルヒも勉強して,"Hey, I'm kind of interested. Want",,,
125_5_4.json,1547,Dialog,Kaoru,みる？　心理学」,"to study psychology too, Haruhi?",,,
125_5_4.json,1555,Dialog,Kaoru,「僕らのことも、少しはわかるかもしれない,Maybe you'll understand,,,
125_5_4.json,1556,Dialog,Kaoru,よ？」,us a little?,,,
125_5_4.json,1557,Dialog,Kaoru,馨は少し冗談っぽく笑った。,Kaoru laughed teasingly.,,,
125_5_4.json,1567,Dialog,Haruhi,「あるよ」,Got it.,,,
125_5_4.json,1572,Dialog,Kaoru,「ふーん……、自信あるんだ」,Hmm... You're confident.,,,
125_5_4.json,1574,Dialog,Haruhi,「光とのケンカ、お芝居だよね」,It's just an act with Hikaru.,,,
125_5_4.json,1583,Dialog,Kaoru,「……！　どうして？」,...! Why?,,,
125_5_4.json,1585,Dialog,Haruhi,「あれが演技ってことくらい自分にもわかる」,I know that much about acting.,,,
125_5_4.json,1587,Dialog,Haruhi,「それに、環先輩たちがいて２人を止めないな,It's too funny that Senpai and,,,
125_5_4.json,1588,Dialog,Haruhi,んておかしすぎるよ」,the others didn't stop them.,,,
125_5_4.json,1597,Dialog,Kaoru,「あーあ……。気づいてたんだね」,Ahh... So you noticed.,,,
125_5_4.json,1599,Dialog,Haruhi,「話してくれるよね、ぜんぶ」,Tell me everything.,,,
125_5_4.json,1600,Dialog,Haruhi,観念したようにうなずいて、馨は口を開く。,"With a nod as if giving up, Kaoru
opens his mouth.",,,
125_5_4.json,1602,Dialog,Haruhi,その内容は――。,The contents are--.,,,
125_5_4.json,1603,Dialog,Haruhi,生徒が補導された事件は、やはり誰かが裏で動,"It seems someone was behind the
scenes setting",,,
125_5_4.json,1604,Dialog,Haruhi,いて、仕組んだものらしい。,"up the incident where students were
counseled.",,,
125_5_4.json,1605,Dialog,Haruhi,仕組んだ人物はホスト部を不道徳な部活だとあ,"The person behind it made the Host
Club",,,
125_5_4.json,1606,Dialog,,おり、理事長の息子がそこに所属していること,"seem immoral and criticized the
principal's",,,
125_5_4.json,1607,Dialog,,をせめ――。,son for being a member--.,,,
125_5_4.json,1608,Dialog,,最終的に理事長の座から失脚（しっきゃく）さ,"In the end, they want to force
President Suou",,,
125_5_4.json,1609,Dialog,,せ、須王家の名に傷をつけようとしている。,"from his position and tarnish the
Suou name.",,,
125_5_4.json,1610,Dialog,,それに対して、ホスト部のみんなは――。,"On the other hand, everyone in the
Host Club --",,,
125_5_4.json,1611,Dialog,,仕組んでいる相手を見つけ出すため、ギクシャ,"To find out who's behind this,",,,
125_5_4.json,1612,Dialog,,クしたホスト部部員がぶつかり合う様子を見せ,I'll have to make the,,,
125_5_4.json,1613,Dialog,,て……。,Host Club members clash...,,,
125_5_4.json,1614,Dialog,,相手が動いたところで証拠をつかみ、すべてを,"It seems they're trying to catch
them",,,
125_5_4.json,1615,Dialog,,解決しようとしているらしい。,in the act and solve everything.,,,
125_5_4.json,1616,Dialog,,ちなみに自分が図書室で聞いたウワサは、鏡夜,"By the way, the rumor I heard in the",,,
125_5_4.json,1617,Dialog,,先輩が流したものだった。,library was spread by Kyoya-senpai.,,,
125_5_4.json,1619,Dialog,,状況はわかったけど、納得できないことがひと,"I get it, but there's",,,
125_5_4.json,1620,Dialog,,つ。,one thing I don't buy.,,,
125_5_4.json,1623,Dialog,Haruhi,「どうして自分には秘密にしたの？」,"Why did you keep it a secret from
me?",,,
125_5_4.json,1630,Dialog,Kaoru,「それは、ホスト部のためでもあるけど……」,"That's partly for the Host Club
too...",,,
125_5_4.json,1635,Dialog,Kaoru,「ハルヒを危ない目に遭わせないためかな」,To keep Haruhi out of harm's way?,,,
125_5_4.json,1637,Dialog,Haruhi,「……よくわからないんだけど？」,I don't really get it?,,,
125_5_4.json,1644,Dialog,,自分の言葉に、やれやれという感じで馨が答え,Kaoru answers,,,
125_5_4.json,1645,Dialog,,る。,with a sigh.,,,
125_5_4.json,1647,Dialog,Kaoru,「僕らには、【常陸院】っていう家の力がある,"We have the power of the Hitachin
family behind",,,
125_5_4.json,1648,Dialog,Kaoru,から簡単に手を出されることはないけど――」,"us, so no one will easily mess with
us--",,,
125_5_4.json,1650,Dialog,Kaoru,「……ハルヒには、それがない」,...Haruhi doesn't have that.,,,
125_5_4.json,1652,Dialog,Kaoru,そう言われて、鏡夜先輩の言葉を思い出す。,"Saying that reminds me of what
Kyoya-senpai said.",,,
125_5_4.json,1660,Dialog,Kyoya,「特にハルヒ、おまえには何の力もないことを,"Especially you, Haruhi. Be aware",,,
125_5_4.json,1661,Dialog,Kyoya,自覚しておけ」,that you have no power.,,,
125_5_4.json,1666,Dialog,Kyoya,「特待生だからとも言えるが、おまえがうかつ,"You're a scholarship student, so if
you act recklessly,",,,
125_5_4.json,1667,Dialog,Kyoya,に動くと、退学に追い込まれる可能性がある」,"there's a possibility that you'll be
expelled.",,,
125_5_4.json,1677,Dialog,Kaoru,「だから、ハルヒは巻き込まないようにしよ,So we all decided to,,,
125_5_4.json,1678,Dialog,Kaoru,うって、みんなで決めたんだよ」,keep you out of it.,,,
125_5_4.json,1679,Dialog,Kaoru,そっか、そうだったんだ……。今ごろ気づくな,"Oh, I see... It's about",,,
125_5_4.json,1680,Dialog,Kaoru,んて。,time I noticed.,,,
125_5_4.json,1682,Dialog,Haruhi,「……ごめん。迷惑かけてた……」,...Sorry. I was being a bother...,,,
125_5_4.json,1688,Dialog,Kaoru,「いや、あやまらなきゃいけないのはこっちだ,"No, we're the ones who should
apologize.",,,
125_5_4.json,1689,Dialog,Kaoru,よ。言わなかった僕たちが悪いんだし」,We're at fault for not telling you.,,,
125_5_4.json,1690,Dialog,Kaoru,馨はやっとにっこり笑ってくれた。,Kaoru finally gave me a smile.,,,
125_5_4.json,1691,Dialog,Kaoru,馨と話してると、やっと日常が戻ってきたよう,"Talking to Kaoru makes me feel like
things are",,,
125_5_4.json,1692,Dialog,Kaoru,な気がして、安心するな……。,"finally back to normal... it's
reassuring.",,,
125_5_4.json,1694,Dialog,Haruhi,「で、馨は何の本を見てたの？」,"So, what book were you reading,
Kaoru?",,,
125_5_4.json,1695,Dialog,Haruhi,馨が眺めていた本棚に目を向けると、心理学の,"Looking at the bookshelf Kaoru was
staring at, I",,,
125_5_4.json,1696,Dialog,Haruhi,ガイドブックや専門書がズラリと並んでいる。,"saw a row of psychology guidebooks
and textbooks.",,,
125_5_4.json,1698,Dialog,Haruhi,心理学って、どうしてまた……。,Why psychology again...?,,,
125_5_4.json,1703,Dialog,Kaoru,「ちょっと興味があってね。ハルヒも勉強して,"Hey, I'm curious. Want to",,,
125_5_4.json,1704,Dialog,Kaoru,みる？　心理学」,study psychology too?,,,
125_5_4.json,1705,Dialog,Kaoru,心理学かあ……。めんどくさそうだけど……。,"Psychology, huh...? It sounds like a
hassle...",,,
125_5_4.json,1709,Dialog,Kaoru,そう考えていると、馨はくすっ、と笑って――。,Kaoru chuckled...,,,
125_5_4.json,1713,Dialog,,馨がぶ厚い本を頭の上にのせてきた。,Kaoru put a thick book on my head.,,,
125_5_4.json,1716,Dialog,Kaoru,「これとか、これも……、結構おもしろいと思,I think this and this are,,,
125_5_4.json,1717,Dialog,Kaoru,うよ」,pretty interesting.,,,
125_5_4.json,1719,Dialog,Haruhi,「馨……、重いよ」,「Kaoru... you're heavy.」,,,
125_5_4.json,1722,Dialog,Kaoru,「そう？　じゃ、軽い本にしよっか」,"「Really? Then let's go for something
light.」",,,
125_5_4.json,1724,Dialog,Haruhi,「そうじゃなくて、本をのせること自体をやめ,I don't want you to,,,
125_5_4.json,1725,Dialog,Haruhi,て欲しいんだけど……」,put books on it...,,,
125_5_4.json,1727,Dialog,Kaoru,「あはははは……」,Hahaha...,,,
125_5_4.json,1729,Dialog,Haruhi,「もう、笑ってないでどけてってば」,"Move already, stop laughing.",,,
125_5_4.json,1730,Dialog,Haruhi,笑いながらのせるから本が揺れて、落としそう,"I laugh while putting it down,
making",,,
125_5_4.json,1731,Dialog,Haruhi,になってしまう。,"the book shake and almost dropping
it.",,,
125_5_4.json,1732,Dialog,Haruhi,……でも、なんか――。,...but something--.,,,
125_5_4.json,1740,Dialog,Kaoru,「ふ、ふふ……」,Fu... fufu...,,,
125_5_4.json,1745,Dialog,Haruhi,「ふっ、あはは……」,"Huh, hahaha...",,,
125_5_4.json,1747,Dialog,Haruhi,２人でしばらく笑ったあと――。,"After laughing together for a
while--.",,,
125_5_4.json,1754,Dialog,Kaoru,「心理学も、結構おもしろいでしょ？」,"Psychology can be pretty interesting
too, right?",,,
125_5_4.json,1756,Dialog,Haruhi,「それって、ちょっと意味がちがう気がするけ,That's not quite,,,
125_5_4.json,1757,Dialog,Haruhi,ど……」,what I meant...,,,
125_5_4.json,1758,Dialog,Haruhi,別にいいか。,Whatever.,,,
125_5_4.json,1761,Dialog,Haruhi,久しぶりに馨と笑ったなあ。,"I laughed with Kaoru for the first
time in ages.",,,
125_5_4.json,1767,Dialog,,馨は手にしてた本を本棚にしまった。,"Kaoru put away the book he was
holding.",,,
125_5_4.json,1774,Dialog,Kaoru,「それで、これからのことなんだけどさ。ハル,"So, what do you want to",,,
125_5_4.json,1775,Dialog,Kaoru,ヒはどうしたい？」,"do from now on, Haruhi?",,,
125_5_4.json,1776,Dialog,Kaoru,どうって……、そうだなあ。,I see... Well.,,,
125_5_4.json,1778,Dialog,Haruhi,「何かできることがあれば手伝いたいけど」,"I want to help if there's anything I
can do.",,,
125_5_4.json,1786,Dialog,Kaoru,「そっか。バレちゃったものはしょうがないし、,"Got it. Once we're found out,
there's",,,
125_5_4.json,1787,Dialog,Kaoru,そうすればいいんじゃない」,"no point in hiding, right?",,,
125_5_4.json,1788,Dialog,Kaoru,馨が顔を近づけて、ささやくように言う。,Kaoru leans in and whispers.,,,
125_5_4.json,1796,Dialog,Kaoru,「ただ……、面倒なことになったら困るから、,"Just... it'll be troublesome if
something",,,
125_5_4.json,1797,Dialog,Kaoru,僕と一緒にいたほうがいいよ」,"comes up, so stay with me.",,,
125_5_4.json,1798,Dialog,Kaoru,面倒なことって、さっき言ってた自分が危ないっ,What I said about being in danger,,,
125_5_4.json,1799,Dialog,Kaoru,ていう話だよね。,"was troublesome, right?",,,
125_5_4.json,1801,Dialog,Haruhi,「それは確かに、そうだね……」,That's definitely true...,,,
125_5_4.json,1805,Dialog,Haruhi,まじめな顔で馨はうなずき――。,Kaoru nodded seriously--.,,,
125_5_4.json,1807,Dialog,Kaoru,「あれだけハデにやれば、わかりやすくだまさ,I'm sure they'll fall for,,,
125_5_4.json,1808,Dialog,Kaoru,れてくれてると思うから」,"it hook, line, and sinker.",,,
125_5_4.json,1813,Dialog,Kaoru,いたずらっ子みたいにニヤリと笑う。,Grins like a mischievous child.,,,
125_5_4.json,1814,Dialog,,……こういうところは、光と一緒なんだよね。,...This is where I'm with Hikaru.,,,
125_5_4.json,1817,Dialog,,とにかく、何か起こりそうだから気を抜かない,"Anyway, something's about to happen,",,,
125_5_4.json,1818,Dialog,,ようにしないと。,so don't let your guard down.,,,
125_5_4.json,1823,Dialog,,……ハニー先輩。,...Honey-senpai.,,,
125_5_4.json,1824,Dialog,,…………ハニー先輩に、話を聞いてみよう。,...Let's ask HONEY-senpai.,,,
125_5_4.json,1825,Dialog,,先輩がいるところといえば――。,"If there's one place where senpai
would be--",,,
125_5_4.json,1827,Dialog,,やっぱり食堂だよね。,"It's the cafeteria, after all.",,,
125_5_4.json,1835,Dialog,Honey,「あ、ハルちゃーん」,"Ahh, Haru-chan~",,,
125_5_4.json,1836,Dialog,Honey,食堂に入ると、すぐにハニー先輩は自分に気が,"As soon as I entered the cafeteria,",,,
125_5_4.json,1837,Dialog,Honey,ついた。,Honey-senpai noticed me.,,,
125_5_4.json,1846,Dialog,Honey,「ねえねえ。ケーキ、一緒に食べよう」,"C'mon, let's eat cake together!",,,
125_5_4.json,1848,Dialog,Haruhi,「いえ、お腹はすいてないので……。それより、,"No, I'm not hungry... I",,,
125_5_4.json,1849,Dialog,Haruhi,ハニー先輩にどうしても聞きたいことがあるん,have something I really want,,,
125_5_4.json,1850,Dialog,Haruhi,です」,to ask Honey-senpai.,,,
125_5_4.json,1854,Dialog,Haruhi,ハニー先輩は不思議そうな顔をしたけど、すぐ,Honey-senpai looked puzzled but,,,
125_5_4.json,1855,Dialog,,に優しく笑ってくれた。,smiled gently right away.,,,
125_5_4.json,1863,Dialog,Honey,「もしかして、気づいちゃった？」,Did you notice something?,,,
125_5_4.json,1864,Dialog,Honey,……気づいた、というと……。,...Now that I think about it...,,,
125_5_4.json,1865,Choice,Honey,……はい,...Yes.,,,
125_5_4.json,1866,Choice,Honey,……え？,...Huh?,,,
125_5_4.json,1880,Dialog,,ハニー先輩が言ったのは、自分の考えているこ,I think Honey-senpai said that,,,
125_5_4.json,1881,Dialog,,とが間違っていないことだと思う。,my thoughts aren't wrong.,,,
125_5_4.json,1883,Dialog,Haruhi,「……はい」,...Yes.,,,
125_5_4.json,1888,Dialog,Honey,「そっかあ……。気づいちゃったなら、しょう,"Oh well... Now that you noticed,",,,
125_5_4.json,1889,Dialog,Honey,がないよねえ」,there's no point in hiding it.,,,
125_5_4.json,1891,Dialog,Haruhi,「それじゃあ、やっぱり……」,I see... So that's it...,,,
125_5_4.json,1892,Dialog,Haruhi,ハニー先輩は、いつになく真剣な表情になった。,"Senior Honey has an unusually
serious expression.",,,
125_5_4.json,1897,Dialog,Honey,「うん、ちゃんとお話するね」,"Okay, let's talk properly.",,,
125_5_4.json,1898,Dialog,Honey,ハニー先輩から聞いた、今回の事件の真相,I heard the truth about this,,,
125_5_4.json,1899,Dialog,Honey,は――。,incident from Honey-senpai--.,,,
125_5_4.json,1900,Dialog,Honey,やはり補導事件は仕組まれたものであり、その,It seems the disciplinary incident,,,
125_5_4.json,1901,Dialog,Honey,裏で何者かが動いているらしい、ということだっ,was set up and someone's,,,
125_5_4.json,1902,Dialog,Honey,た。,pulling the strings behind it.,,,
125_5_4.json,1903,Dialog,Honey,その人物は、ホスト部を不道徳的な部活だと取,"That person criticized the Host Club
as an",,,
125_5_4.json,1904,Dialog,,り上げ、理事長の息子が所属していることをせ,"immoral club activity and ridiculed
the fact",,,
125_5_4.json,1905,Dialog,,め――。,"that the president's son is a
member...",,,
125_5_4.json,1906,Dialog,,理事長の座から失脚（しっきゃく）させ、須王,"It seems to be a plan to oust her
from the",,,
125_5_4.json,1907,Dialog,,家の名前に傷をつけるという計画らしい。,"presidency and tarnish the Suou
name.",,,
125_5_4.json,1908,Dialog,,それに対して、ホスト部のみんなは――。,"In response, everyone in the Host
Club--",,,
125_5_4.json,1909,Dialog,,仕組んでいる相手を見つけ出すため、ギクシャ,"To find out who's behind this,",,,
125_5_4.json,1910,Dialog,,クしたホスト部部員がぶつかり合う様子を見せ,I'll have to make the,,,
125_5_4.json,1911,Dialog,,て……。,Host Club members clash...,,,
125_5_4.json,1912,Dialog,,相手が動いたところで証拠をつかみ、すべてを,I'll try to gather evidence and,,,
125_5_4.json,1913,Dialog,,解決しようとしている。,solve everything when they move.,,,
125_5_4.json,1914,Dialog,,ちなみに自分が図書室で聞いたウワサは、鏡夜,"By the way, the rumor I heard in the
library",,,
125_5_4.json,1915,Dialog,,先輩が流したものらしい。,"seems to have come from
Kyoya-senpai.",,,
125_5_4.json,1918,Dialog,Haruhi,「それなら、自分にも協力させてください」,Then let me help too.,,,
125_5_4.json,1926,Dialog,Honey,「う〜ん……。えっとねえ……」,Hmm... Well...,,,
125_5_4.json,1927,Dialog,Honey,ハニー先輩は困ったような表情に変わる。,"Honey-senpai turns into a puzzled
expression.",,,
125_5_4.json,1935,Dialog,Honey,「ハルちゃんはね、今、あぶないの」,"Haru-chan, you're in danger now!",,,
125_5_4.json,1936,Dialog,Honey,どういうことですか、と言いかけた瞬間、鏡夜,"Just as I was about to ask what he
meant,",,,
125_5_4.json,1937,Dialog,Honey,先輩の言葉が浮かんだ。,"Kyoya-senpai's words floated into my
mind.",,,
125_5_4.json,1947,Dialog,Kyoya,「特にハルヒ、おまえには何の力もないことを,"Especially you, Haruhi. Be aware",,,
125_5_4.json,1948,Dialog,Kyoya,自覚しておけ」,that you have no power.,,,
125_5_4.json,1953,Dialog,Kyoya,「特待生だからとも言えるが、おまえがうかつ,"You're a scholarship student, so you
could say that, but if you",,,
125_5_4.json,1954,Dialog,Kyoya,に動くと、退学に追い込まれる可能性がある」,"act recklessly, there's a
possibility you'll be expelled.",,,
125_5_4.json,1958,Dialog,Kyoya,つまり、自分が関わると危ないから、みんな自,"So everyone was keeping their
distance because",,,
125_5_4.json,1959,Dialog,Kyoya,分に隠して行動してたんだ。,they thought I'd get in trouble.,,,
125_5_4.json,1966,Dialog,Honey,「みんな、ハルちゃんのことを心配してるんだ,Everyone's worried,,,
125_5_4.json,1967,Dialog,Honey,よ」,about Haru-chan.,,,
125_5_4.json,1969,Dialog,Haruhi,「その気持ちはうれしいですけど、自分もホス,"I appreciate that, but I'm also one",,,
125_5_4.json,1970,Dialog,Haruhi,ト部員の１人です。だから――」,of the Host Club members. So--,,,
125_5_4.json,1978,Dialog,Honey,「うん……。それならね、ハルちゃん」,"Okay... Then that's how it is,
Haru-chan.",,,
125_5_4.json,1982,Dialog,Honey,ハニー先輩は、自分の服をきゅっとつかんだ。,"Honey-senpai grabbed his clothes
tightly.",,,
125_5_4.json,1984,Dialog,Honey,「僕と一緒にいたほうがいいよ」,Stay with me.,,,
125_5_4.json,1986,Dialog,Haruhi,「自分だけだと、危ないからですか」,"Is it because you're worried about
me being alone?",,,
125_5_4.json,1988,Dialog,Honey,「う〜ん……。半分くらいそうだけど、もう半,Hmm... It's about,,,
125_5_4.json,1989,Dialog,Honey,分くらいはちがうの」,half and half.,,,
125_5_4.json,1991,Dialog,Honey,よくわからないけど……。,I don't really get it...,,,
125_5_4.json,1996,Dialog,Honey,「何かついてる？」,Got something?,,,
125_5_4.json,1999,Dialog,Honey,「えへへへ……」,Ehehehe...,,,
125_5_4.json,2002,Dialog,Honey,「くすぐったいよ」,That tickles.,,,
125_5_4.json,2005,Dialog,Honey,「安心してね、ハルちゃん」,"Relax, Haru-chan.",,,
125_5_4.json,2007,Dialog,Honey,手に触れると、ハニー先輩はにっこりと笑った。,"Honey-senpai smiled sweetly when I
touched him.",,,
125_5_4.json,2010,Dialog,Honey,「大丈夫。ハルちゃんは僕が守るからね」,"I'll protect you, Haru-chan.",,,
125_5_4.json,2011,Dialog,Honey,いったい何がそんなに危ないのか、自分にはハッ,I have no idea what's so,,,
125_5_4.json,2012,Dialog,Honey,キリわからないんだけど……。,dangerous about it...,,,
125_5_4.json,2014,Dialog,Haruhi,「……わかりました。お願いします」,...Got it. I'll do it.,,,
125_5_4.json,2021,Dialog,,ハニー先輩が自分をつかんでいた手を離して、,Honey-senpai let go of my hand,,,
125_5_4.json,2022,Dialog,,大きくうなずいた。,and nodded vigorously.,,,
125_5_4.json,2024,Dialog,Haruhi,「自分にできることがあったら、何でも言って,Let me know if there's,,,
125_5_4.json,2025,Dialog,Haruhi,ください」,anything I can do.,,,
125_5_4.json,2030,Dialog,Honey,「うん、わかったよ！」,"Yeah, got it!",,,
125_5_4.json,2031,Dialog,Honey,一緒にいることになったんだから、少しくらい,"I want to be at least a little
helpful",,,
125_5_4.json,2032,Dialog,Honey,は役に立ちたいしね。,since we're together now.,,,
125_5_4.json,2039,Dialog,Haruhi,「……え？　何のことですか」,...Huh? What are you talking about?,,,
125_5_4.json,2046,Dialog,,不思議そうな顔をして、ハニー先輩は首をかし,Honey-senpai tilts his,,,
125_5_4.json,2047,Dialog,,げる。,head in confusion.,,,
125_5_4.json,2049,Dialog,Honey,「……あれえ、気づかなかった？　僕、ヒカちゃ,"...Oh? Didn't you notice? I thought
it",,,
125_5_4.json,2050,Dialog,Honey,んとカオちゃんのケンカのことかと思って……」,"was about Hikaru and Kaoru
fighting...",,,
125_5_4.json,2051,Dialog,Honey,……あ、そのこと、自分が言うより先に聞かれ,"...Oh, I see you heard about that",,,
125_5_4.json,2052,Dialog,Honey,てたんだ。,before I could say anything.,,,
125_5_4.json,2053,Dialog,Honey,自分は『それです』というようにうなずいた。,"I nodded to say ""That's it.""",,,
125_5_4.json,2055,Dialog,Haruhi,「みんなが何をしているのか、教えてもらえま,Could you tell me what,,,
125_5_4.json,2056,Dialog,Haruhi,すか？」,everyone's doing?,,,
125_5_4.json,2064,Dialog,Honey,「うん、ちゃんとお話するね」,"Okay, I'll talk properly.",,,
125_5_4.json,2065,Dialog,Honey,ハニー先輩から聞いた、今回の事件の真相,I heard the truth about this,,,
125_5_4.json,2066,Dialog,Honey,は――。,case from Honey-senpai--.,,,
125_5_4.json,2067,Dialog,Honey,やはり補導事件は仕組まれたものであり、その,It seems the disciplinary incident,,,
125_5_4.json,2068,Dialog,Honey,裏で何者かが動いているらしい、ということだっ,was set up and someone's,,,
125_5_4.json,2069,Dialog,Honey,た。,pulling the strings behind it.,,,
125_5_4.json,2070,Dialog,Honey,その人物は、ホスト部を不道徳的な部活だと取,"That person criticized the Host Club
as an",,,
125_5_4.json,2071,Dialog,,り上げ、理事長の息子が所属していることをせ,"immoral club activity and ridiculed
the fact",,,
125_5_4.json,2072,Dialog,,め――。,"that the president's son is a
member...",,,
125_5_4.json,2073,Dialog,,理事長の座から失脚（しっきゃく）させ、須王,"It seems to be a plan to remove her
from",,,
125_5_4.json,2074,Dialog,,家の名前に傷をつけるという計画らしい。,"the presidency and tarnish the Suou
name.",,,
125_5_4.json,2075,Dialog,,それに対して、ホスト部のみんなは――。,"On the other hand, everyone in the
Host Club--.",,,
125_5_4.json,2076,Dialog,,仕組んでいる相手を見つけ出すため、ギクシャ,"To find out who's behind this,",,,
125_5_4.json,2077,Dialog,,クしたホスト部部員がぶつかり合う様子を見せ,I'll have to make the,,,
125_5_4.json,2078,Dialog,,て……。,Host Club members clash...,,,
125_5_4.json,2079,Dialog,,相手が動いたところで証拠をつかみ、すべてを,"I'll try to gather evidence and
solve",,,
125_5_4.json,2080,Dialog,,解決しようとしている。,everything when they make a move.,,,
125_5_4.json,2081,Dialog,,ちなみに自分が図書室で聞いたウワサは、鏡夜,"By the way, the rumor I heard in the
library",,,
125_5_4.json,2082,Dialog,,先輩が流したものらしい。,"seems to have come from
Kyoya-senpai.",,,
125_5_4.json,2085,Dialog,Haruhi,「それなら、自分にも協力させてください」,Then let me help too.,,,
125_5_4.json,2093,Dialog,Honey,「んー……、協力とはちょっとだけちがうけど、,"Hmm... It's not exactly cooperation,
but",,,
125_5_4.json,2094,Dialog,Honey,ハルちゃんはこれから僕と一緒にいて」,"Haru-chan will be with me from now
on.",,,
125_5_4.json,2095,Dialog,Honey,どうしてですか、と聞こうとしたとき、鏡夜先,"Just as I was about to ask why, I",,,
125_5_4.json,2096,Dialog,Honey,輩の言葉を思い出した。,remembered what Kyoya-senpai said.,,,
125_5_4.json,2106,Dialog,Kyoya,「特にハルヒ、おまえには何の力もないことを,"Especially you, Haruhi. Be aware",,,
125_5_4.json,2107,Dialog,Kyoya,自覚しておけ」,that you have no power.,,,
125_5_4.json,2113,Dialog,Kyoya,「特待生だからとも言えるが、おまえがうかつ,"You're a scholarship student, so you
could say that, but if you",,,
125_5_4.json,2114,Dialog,Kyoya,に動くと、退学に追い込まれる可能性がある」,"act recklessly, there's a
possibility you'll be expelled.",,,
125_5_4.json,2124,Dialog,Haruhi,「自分だけだと、危ないからですか」,"Is it because you're worried about
me alone?",,,
125_5_4.json,2125,Dialog,Haruhi,みんなは家の権力や財力があるから手を出しづ,"Everyone's hesitant to get involved
because",,,
125_5_4.json,2126,Dialog,Haruhi,らいけど、自分にはそれがない。一番おとしい,"they have family power and money,",,,
125_5_4.json,2127,Dialog,Haruhi,れやすいのは自分なんだ。,but I don't. I'm the easiest target.,,,
125_5_4.json,2128,Dialog,Haruhi,ハニー先輩は、自分を心配そうな視線で見てい,Honey-senpai was looking,,,
125_5_4.json,2129,Dialog,Haruhi,た。,at me with worried eyes.,,,
125_5_4.json,2134,Dialog,Honey,「大丈夫。ハルちゃんは僕が守るからね」,"I'll protect you, Haru-chan.",,,
125_5_4.json,2135,Dialog,Honey,いったい何がそんなに危ないのか、自分にはハッ,I have no idea what's so,,,
125_5_4.json,2136,Dialog,Honey,キリわからないんだけど……。,dangerous about it...,,,
125_5_4.json,2138,Dialog,Haruhi,「……わかりました。お願いします」,...Got it. I'll do it.,,,
125_5_4.json,2142,Dialog,Haruhi,ハニー先輩は笑ってうなずいた。,Honey-senpai laughed and nodded.,,,
125_5_4.json,2144,Dialog,Haruhi,「自分にできることがあったら、何でも言って,Let me know if there's,,,
125_5_4.json,2145,Dialog,Haruhi,ください」,anything I can do.,,,
125_5_4.json,2153,Dialog,Honey,「うん、わかったよ！」,"Yeah, got it!",,,
125_5_4.json,2154,Dialog,Honey,一緒にいることになったんだから、少しくらい,"I want to be at least a little
helpful",,,
125_5_4.json,2155,Dialog,Honey,は役に立ちたいしね。,since we're together now.,,,
125_5_4.json,2169,Dialog,Honey,「じゃあさっそく、お昼一緒に食べよ！　あと,"「Then let's eat lunch together right
away!",,,
125_5_4.json,2170,Dialog,Honey,食後のおやつも！」,And have some snacks after too!」,,,
125_5_4.json,2175,Dialog,Honey,「僕のおすすめはねえ、このケーキとこのプリ,My recommendation is... this,,,
125_5_4.json,2176,Dialog,Honey,ンと〜……」,cake and this pudding--...,,,
125_5_4.json,2178,Dialog,Haruhi,「あははは……。ハニー先輩、それは全部食後,"Hahaha... Honey-senpai, isn't all of",,,
125_5_4.json,2179,Dialog,Haruhi,のおやつなのでは……」,that dessert for after the meal...,,,
125_5_4.json,2180,Dialog,Haruhi,いつものハニー先輩に戻ってる。,Honey-senpai's back to normal.,,,
125_5_4.json,2181,Dialog,Haruhi,自分を守るって言ってくれたときは、男の子な,I thought you were being serious,,,
125_5_4.json,2182,Dialog,Haruhi,んだなあって思ったのに。,when you said you'd protect me.,,,
125_5_4.json,2185,Dialog,,でも、笑ってるハニー先輩を見ているほうが落,But maybe I'll feel better watching,,,
125_5_4.json,2186,Dialog,,ち着くかな。,smiling Honey-senpai.,,,
125_5_4.json,2191,Dialog,,……モリ先輩。,...Mori-senpai.,,,
125_5_4.json,2192,Dialog,,うん。モリ先輩に話を聞きにいこう。,Let's go talk to Mori-senpai.,,,
125_5_4.json,2193,Dialog,,でも、どこにいるかわからないなあ……。とり,"But I don't know where he is... I
guess I'll",,,
125_5_4.json,2194,Dialog,,あえずモリ先輩の教室に行ってみようかな。,go to Mori-senpai's classroom first.,,,
125_5_4.json,2196,Dialog,,さっそく廊下に出てみると――。,I step out into the hallway...,,,
125_5_4.json,2197,Dialog,,遠くに見覚えのある姿が通り過ぎた。,I saw a familiar figure pass by.,,,
125_5_4.json,2198,Dialog,,……今のはモリ先輩。ちょうど良かった。,"...That was you, Mori-senpai.
Perfect timing.",,,
125_5_4.json,2200,Dialog,Haruhi,「モリ先輩！」,Mori-senpai!,,,
125_5_4.json,2201,Dialog,Haruhi,…………あれ？　聞こえなかったのかな。,......Huh? Did you not hear me?,,,
125_5_4.json,2202,Dialog,Haruhi,もうちょっと近づいてみよう……。,Let's get a little closer...,,,
125_5_4.json,2209,Dialog,Haruhi,「モリ先輩？」,Takashi-senpai?,,,
125_5_4.json,2210,Dialog,Haruhi,今度は、モリ先輩の前に出て声をかける。,Approach and speak to Mori-senpai.,,,
125_5_4.json,2220,Dialog,Haruhi,「……モリ先輩？」,...Mori-senpai?,,,
125_5_4.json,2223,Dialog,Mori,目の前にいるのに、モリ先輩は視線をあわせて,Mori-senpai won't,,,
125_5_4.json,2224,Dialog,Mori,くれない。,even look at me.,,,
125_5_4.json,2226,Dialog,Haruhi,「あの、聞きたいことがあるんですけど――」,"Um, I have something to ask...",,,
125_5_4.json,2231,Dialog,Mori,「俺に、近づくな」,Stay away from me.,,,
125_5_4.json,2233,Dialog,Mori,思ってもみなかった言葉が返ってきた。,"I never expected to hear those
words.",,,
125_5_4.json,2234,Choice,Mori,…………どうして,......Why?,,,
125_5_4.json,2235,Choice,Mori,理由を教えてください,Tell me why.,,,
125_5_4.json,2247,Dialog,Haruhi,「…………どうして」,「......Why?」,,,
125_5_4.json,2248,Dialog,Haruhi,モリ先輩の言葉に、声がふるえた。,"I trembled at Morikane-senpai's
words.",,,
125_5_4.json,2254,Dialog,,……あれ？　なんか困ってるみたい……。,...Hm? She looks troubled...,,,
125_5_4.json,2256,Dialog,Haruhi,「あの……」,Um...,,,
125_5_4.json,2257,Dialog,Haruhi,ヒュッ――！,Whoo!--!,,,
125_5_4.json,2258,Dialog,Haruhi,何かが頭の上を横切った。,Something just flew over my head.,,,
125_5_4.json,2266,Dialog,Mori,「――ん、……くっ！」,「--Nn... Kuh!」,,,
125_5_4.json,2270,Dialog,Haruhi,「えっ！？」,Huh!?,,,
125_5_4.json,2271,Dialog,Haruhi,モリ先輩の胸元に、ぐいっと引き寄せられたと,When I was pulled close to,,,
125_5_4.json,2272,Dialog,Haruhi,き――。,Mori-senpai's chest... --,,,
125_5_4.json,2273,Dialog,Haruhi,ガシャーン！,Crash!,,,
125_5_4.json,2275,Dialog,Haruhi,突然、近くでガラスの割れるような音が響いた。,"Suddenly, the sound of shattering
glass echoed nearby.",,,
125_5_4.json,2278,Dialog,,ふっとモリ先輩の手から力が抜ける。,"Mori-senpai's hand suddenly goes
limp.",,,
125_5_4.json,2279,Dialog,,何があったのか音のしたところへ目を向ける,"I looked in the direction of the
sound... and",,,
125_5_4.json,2280,Dialog,,と……、廊下の照明が割れていた。,"saw that the hallway light had
shattered.",,,
125_5_4.json,2287,Dialog,Mori,「ケガはないな」,You're not hurt.,,,
125_5_4.json,2289,Dialog,Haruhi,「はい。……ありがとうございます」,Yeah...thanks.,,,
125_5_4.json,2290,Dialog,Haruhi,どうして照明が割れたのかはわからないけど、,"I don't know why the light broke,
but",,,
125_5_4.json,2291,Dialog,Haruhi,モリ先輩がかばってくれたことはわかった。,I know Mori-senpai protected me.,,,
125_5_4.json,2300,Dialog,Mori,「ハルヒ。……おまえも巻き込まれた」,Haruhi... You're involved too.,,,
125_5_4.json,2302,Dialog,Haruhi,「……どういうことですか？」,What do you mean?,,,
125_5_4.json,2307,Dialog,Mori,「……俺に最近の状況を聞こうとしたのか」,"...Did you want to ask me about the
recent situation?",,,
125_5_4.json,2309,Dialog,Haruhi,「はい、そうです……」,"Yeah, that's right...",,,
125_5_4.json,2314,Dialog,Mori,「最初から説明しておくべきだった……」,"I should have explained from the
start...",,,
125_5_4.json,2315,Dialog,Mori,そう言って、静かに話してくれた内容は――。,What she told me quietly then was--.,,,
125_5_4.json,2316,Dialog,Mori,今回のことは、補導事件から仕組まれていて、,"This was set up from the start as a
guidance counselor incident,",,,
125_5_4.json,2317,Dialog,Mori,裏で何者かが動いていること。,"with someone pulling strings behind
the scenes.",,,
125_5_4.json,2318,Dialog,Mori,その人物はホスト部を不道徳的な部活だと取り,"That person criticized the Host Club
as an immoral",,,
125_5_4.json,2319,Dialog,Mori,上げ、しかも理事長の息子が所属していること,"club activity, and even ridiculed
the",,,
125_5_4.json,2320,Dialog,Mori,をせめ――。,"fact that the president's son is a
member--.",,,
125_5_4.json,2321,Dialog,,理事長の座から失脚（しっきゃく）させ、須王,"Seems they're trying to remove her
from the",,,
125_5_4.json,2322,Dialog,,家の名に傷をつけるつもりで動いているらしい。,"presidency and tarnish the Suou
name.",,,
125_5_4.json,2323,Dialog,,それに対して、ホスト部のみんなは――。,"On the other hand, everyone in the
Host Club--.",,,
125_5_4.json,2324,Dialog,,仕組んでいる相手を見つけ出すため、ギクシャ,"To find out who's behind this,",,,
125_5_4.json,2325,Dialog,,クしたホスト部部員がぶつかり合う様子を見せ,I'll have to make the,,,
125_5_4.json,2326,Dialog,,て……。,Host Club members clash...,,,
125_5_4.json,2327,Dialog,,相手が動いたところで証拠をつかみ、すべてを,I'll try to gather evidence and,,,
125_5_4.json,2328,Dialog,,解決しようとしている。,solve everything when they move.,,,
125_5_4.json,2329,Dialog,,ちなみに自分が図書室で聞いたウワサは、鏡夜,"By the way, the rumor I heard in the
library",,,
125_5_4.json,2330,Dialog,,先輩が流したものらしい。,"seems to have come from
Kyoya-senpai.",,,
125_5_4.json,2333,Dialog,Haruhi,「そういうことなら……、自分にも何か手伝わ,If that's the case...,,,
125_5_4.json,2334,Dialog,Haruhi,せてください」,let me help too.,,,
125_5_4.json,2335,Dialog,Haruhi,自分だってホスト部のメンバーなんだ。,I'm part of the Host Club too.,,,
125_5_4.json,2343,Dialog,Mori,「…………わかった。だが、条件をつける」,"......Fine. But there are
conditions.",,,
125_5_4.json,2350,Dialog,,そう言ってモリ先輩は、きびしい表情で真っ直,Mori-senpai looks at me,,,
125_5_4.json,2351,Dialog,,ぐに自分を見る。,with a stern expression.,,,
125_5_4.json,2353,Dialog,Mori,「あれは事故じゃない。故意に行われたものだ」,"That wasn't an accident. It was done
on purpose.",,,
125_5_4.json,2355,Dialog,Mori,モリ先輩は割れたガラス片のなかからコインを,Senior Mori picked up one coin,,,
125_5_4.json,2356,Dialog,Mori,１枚拾い上げた。,from among the broken glass.,,,
125_5_4.json,2364,Dialog,Mori,「羅漢銭（らかんせん）だ……」,Lakansen...,,,
125_5_4.json,2366,Dialog,Haruhi,「何ですか？　その……、『らかんせん』って」,What's that? That 'Rakansen' thing?,,,
125_5_4.json,2371,Dialog,Mori,「硬貨を指で弾（はじ）き、相手を攻撃する技,A technique where you flick,,,
125_5_4.json,2372,Dialog,Mori,だ」,coins at your opponent.,,,
125_5_4.json,2374,Dialog,Haruhi,「……こう、げき？」,"...like, what?",,,
125_5_4.json,2375,Dialog,Haruhi,『攻撃』という言葉が浮かぶまでに、少し時間,It took me a moment for the word,,,
125_5_4.json,2376,Dialog,Haruhi,がかかった。,"""attack"" to come to mind.",,,
125_5_4.json,2386,Dialog,Haruhi,「理由を教えてください」,Tell me why.,,,
125_5_4.json,2387,Dialog,Haruhi,迫力に押されないように、モリ先輩を真っ直ぐ,Look straight at Mori-senpai,,,
125_5_4.json,2388,Dialog,Haruhi,に見る。,to avoid being overwhelmed.,,,
125_5_4.json,2393,Dialog,Mori,「その必要はない。……教室へ戻れ」,"There's no need for that. ...Return
to the classroom.",,,
125_5_4.json,2395,Dialog,Haruhi,「イヤです！　納得できません」,No way! I don't buy it!,,,
125_5_4.json,2398,Dialog,Haruhi,ヒュッ――！,Whoo!--!,,,
125_5_4.json,2399,Dialog,Haruhi,何かが頭の上を横切った。,Something just flew over my head.,,,
125_5_4.json,2407,Dialog,Mori,「――ん、……くっ！」,「--Nn... Kuh!」,,,
125_5_4.json,2411,Dialog,Haruhi,「えっ！？」,Huh!?,,,
125_5_4.json,2412,Dialog,Haruhi,目をそらさないで見つめ合っていたと思ったら、,"I thought we were looking at each
other",,,
125_5_4.json,2413,Dialog,Haruhi,いきなりモリ先輩の胸元に、ぐいっと引き寄せ,"without averting our eyes, but
suddenly",,,
125_5_4.json,2414,Dialog,Haruhi,られた――。,"Mori-senpai pulled me into his chest
--",,,
125_5_4.json,2415,Dialog,Haruhi,ガシャーン！,Crash!,,,
125_5_4.json,2416,Dialog,Haruhi,突然、近くでガラスの割れるような音がひびく。,"Suddenly, the sound of breaking
glass echoes nearby.",,,
125_5_4.json,2419,Dialog,,ふっとモリ先輩の手から力が抜ける。,"Mori-senpai's hand suddenly goes
limp.",,,
125_5_4.json,2420,Dialog,,何があったのか音のしたところへ目を向ける,"I looked in the direction of the
sound...",,,
125_5_4.json,2421,Dialog,,と……、廊下の照明が割れていた。,"and saw that the hallway light had
broken.",,,
125_5_4.json,2428,Dialog,Mori,「ケガはないな」,You're not hurt.,,,
125_5_4.json,2430,Dialog,Haruhi,「はい。……ありがとうございます」,Yeah...thanks.,,,
125_5_4.json,2431,Dialog,Haruhi,どうして照明が割れたのかはわからないけど、,"I don't know why the light broke,
but",,,
125_5_4.json,2432,Dialog,Haruhi,モリ先輩がかばってくれたことはわかった。,I know Mori-senpai protected me.,,,
125_5_4.json,2439,Dialog,Mori,「……良かった」,...I am glad.,,,
125_5_4.json,2441,Dialog,Mori,モリ先輩はそう言ってうなずくと、割れた照明,"Mori-senpai nods and says so,
looking at the floor",,,
125_5_4.json,2442,Dialog,Mori,の破片が散乱している床から――。,"where pieces of broken lighting are
scattered--.",,,
125_5_4.json,2444,Dialog,Mori,コインのようなものを拾い上げた。,Picked up something like a coin.,,,
125_5_4.json,2446,Dialog,Haruhi,「外国のお金みたいですね」,It looks like foreign money.,,,
125_5_4.json,2447,Dialog,Haruhi,モリ先輩の手には、なじみのない模様のコイン,There's an unfamiliar coin,,,
125_5_4.json,2448,Dialog,Haruhi,が１枚ある。,in Mori-senpai's hand.,,,
125_5_4.json,2450,Dialog,Mori,「羅漢銭（らかんせん）だ……」,Lohan coins...,,,
125_5_4.json,2452,Dialog,Haruhi,「何ですか？　その……、『らかんせん』って」,What's that? That 'Rakansen' thing?,,,
125_5_4.json,2454,Dialog,Mori,「硬貨を指で弾（はじ）き、相手を攻撃する技,A technique where you flick,,,
125_5_4.json,2455,Dialog,Mori,だ」,coins at your opponent.,,,
125_5_4.json,2457,Dialog,Haruhi,「……こう、げき？」,"...like, what?",,,
125_5_4.json,2458,Dialog,Haruhi,『攻撃』という言葉が浮かぶまでに、少し時間,It took me a moment for the word,,,
125_5_4.json,2459,Dialog,Haruhi,がかかった。,"""attack"" to come to mind.",,,
125_5_4.json,2467,Dialog,Mori,「……説明しておくべきだったな」,I should have explained it...,,,
125_5_4.json,2468,Dialog,Mori,そう言って、静かに話してくれた内容は――。,What she told me quietly then was--.,,,
125_5_4.json,2469,Dialog,Mori,今回のことは、補導事件から仕組まれていて、,"This incident was set up from the
start as a guidance counselor",,,
125_5_4.json,2470,Dialog,Mori,裏で何者かが動いていること。,"event, with someone pulling strings
behind the scenes.",,,
125_5_4.json,2471,Dialog,Mori,その人物はホスト部を不道徳的な部活だと取り,"That person criticized the Host Club
as an immoral",,,
125_5_4.json,2472,Dialog,Mori,上げ、しかも理事長の息子が所属していること,"club activity, and even ridiculed
the",,,
125_5_4.json,2473,Dialog,Mori,をせめ――。,"fact that the president's son is a
member--.",,,
125_5_4.json,2474,Dialog,,理事長の座から失脚（しっきゃく）させ、須王,"Seems they're trying to remove her
from the",,,
125_5_4.json,2475,Dialog,,家の名に傷をつけるつもりで動いているらしい。,"presidency and tarnish the Suou
name.",,,
125_5_4.json,2476,Dialog,,それに対して、ホスト部のみんなは――。,"In response, everyone in the Host
Club--",,,
125_5_4.json,2477,Dialog,,仕組んでいる相手を見つけ出すため、ギクシャ,"To find out who's behind this,",,,
125_5_4.json,2478,Dialog,,クしたホスト部部員がぶつかり合う様子を見せ,I'll have to make the,,,
125_5_4.json,2479,Dialog,,て……。,Host Club members clash...,,,
125_5_4.json,2480,Dialog,,相手が動いたところで証拠をつかみ、すべてを,I'll try to gather evidence and,,,
125_5_4.json,2481,Dialog,,解決しようとしている。,solve everything when they move.,,,
125_5_4.json,2483,Dialog,,ちなみに自分が図書室で聞いたウワサは、鏡夜,"By the way, the rumor I heard in the
library",,,
125_5_4.json,2484,Dialog,,先輩が流したものらしい。,"seems to have come from
Kyoya-senpai.",,,
125_5_4.json,2487,Dialog,Haruhi,「そういうことなら……、自分にも何か手伝わ,If that's the case...,,,
125_5_4.json,2488,Dialog,Haruhi,せてください」,let me help too.,,,
125_5_4.json,2489,Dialog,Haruhi,自分だってホスト部のメンバーなんだ。,I'm part of the Host Club too.,,,
125_5_4.json,2497,Dialog,Mori,「…………わかった。だが、条件をつける」,"......Fine. But there are
conditions.",,,
125_5_4.json,2498,Dialog,Mori,そう言ってモリ先輩は、きびしい表情で真っ直,"Mori-senpai said that and stared
straight",,,
125_5_4.json,2499,Dialog,Mori,ぐに自分の目をみつめた。,at me with a stern expression.,,,
125_5_4.json,2512,Dialog,Mori,「……これからの行動は、俺と一緒だ」,"「...From now on, you're with me.」",,,
125_5_4.json,2513,Dialog,Mori,怖いくらい真剣に、モリ先輩が言う。,"Mori-senpai says with frightening
seriousness.",,,
125_5_4.json,2514,Dialog,Mori,さっきの照明が割れたことがあるからだと思う,I think it's because the,,,
125_5_4.json,2515,Dialog,Mori,けど……。,lights broke earlier...,,,
125_5_4.json,2516,Dialog,Mori,自分が考えているよりもずっと、事態は深刻な,It might be worse,,,
125_5_4.json,2517,Dialog,Mori,のかもしれない。,than I think.,,,
125_5_4.json,2519,Dialog,Haruhi,「……はい、わかりました」,"...All right, I understand.",,,
125_5_4.json,2526,Dialog,,うなずくと、モリ先輩は安心したように笑みを,Mori-senpai smiles,,,
125_5_4.json,2527,Dialog,,浮かべる。,in relief.,,,
125_5_4.json,2529,Dialog,Mori,「教室まで送る……」,Take you to class...,,,
125_5_4.json,2532,Dialog,Mori,モリ先輩にいてもらえるって思ったら、どこか,I wonder if part of me feels,,,
125_5_4.json,2533,Dialog,Mori,少しうれしいと思っている自分がいるような、,happy that Morino-senpai,,,
125_5_4.json,2534,Dialog,Mori,いないような――。,is here... or maybe not.,,,
125_5_4.json,2566,Dialog,,#Color[7]#Scale[1.8]放課後,#Color[7]#Scale[1.8]After School,,,
125_5_4.json,2567,Dialog,,キーンコーンカーンコーン。,Bing-bong-ching-bong.,,,
125_5_4.json,2568,Dialog,,授業が終わると同時に――。光は前の扉から、,"As soon as class ends -- Hikaru
heads out through",,,
125_5_4.json,2569,Dialog,,馨は後ろの扉からバラバラに出て行く。,"the front door and Kaoru through the
back.",,,
125_5_4.json,2570,Dialog,,自分はお芝居ってわかっているからいいけ,I know I'm just acting...,,,
125_5_4.json,2571,Dialog,,ど……。,so it's fine...,,,
125_5_4.json,2583,Dialog,Kurakano,「光くんと馨くん、仲直りされていませんね」,"You two still aren't on speaking
terms.",,,
125_5_4.json,2584,Dialog,Kurakano,倉賀野さんたちが、心配そうに声をかけてくれ,Kurakano-san and the others ask,,,
125_5_4.json,2585,Dialog,Kurakano,る。,if I'm okay with worried voices.,,,
125_5_4.json,2590,Dialog,Sakurazuka,「早く仲直りできるといいのに……」,I hope they make up soon...,,,
125_5_4.json,2599,Dialog,Sayuri,「ハルちゃんも心配でしょうね」,"I'm sure you're worried too,
Haru-chan.",,,
125_5_4.json,2601,Dialog,Haruhi,「大丈夫、きっとすぐに元に戻るはずだか,"It'll be okay, I'm sure it'll",,,
125_5_4.json,2602,Dialog,Haruhi,ら……」,go back to normal soon...,,,
125_5_4.json,2612,Dialog,Renge,「兄弟ゲンカプレイの最中かもしれません,"Perhaps they're in the middle of a
sibling rivalry",,,
125_5_4.json,2613,Dialog,Renge,わ……。離れた時間がさらに愛を育てるのです」,"play... Distance only makes the
heart grow fonder.",,,
125_5_4.json,2615,Dialog,Haruhi,「あはははは……」,「Hahaha...」,,,
125_5_4.json,2617,Dialog,Haruhi,れんげちゃんの妄想は、いったいどこまで広がっ,Just how far does Renge's,,,
125_5_4.json,2618,Dialog,Haruhi,ているんだろう……。,imagination go...?,,,
125_5_4.json,2620,Dialog,Haruhi,……そんなことより、環先輩のところに行かな,...I have to go,,,
125_5_4.json,2621,Dialog,Haruhi,いと。,see Tama-chan.,,,
125_5_4.json,2628,Dialog,Kurakano,「あの、ハルヒ君。御用の方がいらしてますけ,"Um, Haruhi-kun. Someone’s",,,
125_5_4.json,2629,Dialog,Kurakano,ど……」,here to see you...,,,
125_5_4.json,2631,Dialog,Haruhi,「え？　誰ですか？」,Huh? Who's there?,,,
125_5_4.json,2633,Dialog,Haruhi,言われた場所に視線を向けると、そこには知ら,"When I looked where they said, there
was",,,
125_5_4.json,2634,Dialog,Haruhi,ない人が立っていた。,someone unfamiliar standing there.,,,
125_5_4.json,2635,Dialog,Haruhi,……上級生みたい、だけど。,...But they seem like upperclassmen.,,,
125_5_4.json,2636,Dialog,Haruhi,何の用かは、聞いてみればいいか。,Just ask what they want.,,,
125_5_4.json,2638,Dialog,Haruhi,「ありがとう。ちょっと、行ってきます」,「Thanks. I'll be right back.」,,,
125_5_4.json,2642,Dialog,Male Student,「藤岡ハルヒ君だね」,"Fujo Haruhi-kun, right?",,,
125_5_4.json,2644,Dialog,Haruhi,「そうですけど……、何か御用ですか？」,"That's right... Do you need
something?",,,
125_5_4.json,2646,Dialog,Male Student,「別に？　用ってほどでもないんだけど……」,"Nothing? It's not like I have
something important...",,,
125_5_4.json,2647,Dialog,Male Student,そう言いながら、ポケットから携帯電話を取り,"Saying that, he took out his cell
phone from",,,
125_5_4.json,2648,Dialog,Male Student,出して、自分に見せた。,his pocket and showed it to himself.,,,
125_5_4.json,2652,Dialog,Haruhi,画面には、環先輩と自分が抱き合っているよう,All I see on screen is an image,,,
125_5_4.json,2653,Dialog,Haruhi,にしか見えない画像が映っていた。,of me and Tama-chan embracing.,,,
125_5_4.json,2655,Dialog,Male Student,「君たち２人って、こーいう関係なの？　まあ、,"Are you two like this? Well,",,,
125_5_4.json,2656,Dialog,Male Student,僕には直接関係ないんだけど」,it doesn't really concern me.,,,
125_5_4.json,2658,Dialog,Male Student,環先輩と一緒にいたとき、聞こえたシャッター,I guess that's the shutter sound I,,,
125_5_4.json,2659,Dialog,Male Student,音はこれか……。やっぱり写真を撮られてたん,heard when I was with Tama-chan...,,,
125_5_4.json,2660,Dialog,Male Student,だ。,So they were taking pictures of me.,,,
125_5_4.json,2663,Dialog,Male Student,「少し付き合えよ。これを須王家の関係者とか,"Give me a break. If this gets out to
the Sukawa family",,,
125_5_4.json,2664,Dialog,Male Student,に流されたら、君たちも困るでしょ」,"or something, you guys will be in
trouble too.",,,
125_5_4.json,2665,Dialog,Male Student,返事をする間もなく、腕をつかまれた。,"Before I could respond, my arm was
grabbed.",,,
125_5_4.json,2667,Dialog,Haruhi,「ちょっと――」,Wait a sec--,,,
125_5_4.json,2668,Dialog,Haruhi,腕をふり払おうと、力を入れる。,Struggle to shake off his grip.,,,
125_5_4.json,2670,Dialog,Male Student,「やめとけば？　抵抗したら、僕の友人がいっ,Give up? My friends are ready to,,,
125_5_4.json,2671,Dialog,Male Student,せいに写真をばらまく手はずになってるから」,spread photos if you resist.,,,
125_5_4.json,2673,Dialog,Male Student,その言葉に、抵抗しようとした力が消えていく。,"The strength to resist dissipates at
those words.",,,
125_5_4.json,2675,Dialog,Male Student,「じゃあ、行こうか」,Let's go then.,,,
125_5_4.json,2678,Dialog,Male Student,あの写真がばらまかれたら、環先輩に迷惑がか,"If those photos got spread around,
it",,,
125_5_4.json,2679,Dialog,Male Student,かる。そう思うと、逆らうことなんてできなかっ,would cause Senpai trouble. Thinking,,,
125_5_4.json,2680,Dialog,Male Student,た。,"that, I couldn't go against him.",,,
125_5_4.json,2682,Dialog,,…………環先輩。,...Tamaki-senpai.,,,
125_5_4.json,2685,Dialog,Male Student,「ホスト部の活動停止って、おかしいとは思わ,Isn't stopping the Host,,,
125_5_4.json,2686,Dialog,Male Student,ないか？」,Club's activities weird?,,,
125_5_4.json,2688,Dialog,Haruhi,「おかしいですよ。不祥事なんて、【やらせ】,"That's not right. A scandal like
this would never be staged.",,,
125_5_4.json,2689,Dialog,Haruhi,なんですから」,What are you talking about?」,,,
125_5_4.json,2691,Dialog,Male Student,「ふーん、そこまで知ってるんだ。それなら話,"Hmm, so you know that much.",,,
125_5_4.json,2692,Dialog,Male Student,は早い」,Then things will be easier.,,,
125_5_4.json,2694,Dialog,Male Student,「君は、ホスト部に借金があって、しかたなく,You owe the Host Club money and have,,,
125_5_4.json,2695,Dialog,Male Student,部員になっているんだってね」,"no choice but to be a member, right?",,,
125_5_4.json,2697,Dialog,Male Student,「つまり、ホスト部がなくなれば、君は自由に,"So if the Host Club disappears,",,,
125_5_4.json,2698,Dialog,Male Student,なれる」,you'll be free.,,,
125_5_4.json,2701,Dialog,Male Student,「そう、あの須王さえいなくなれば、権力をふ,"That's right, once Suzumi leaves,
our wonderful",,,
125_5_4.json,2702,Dialog,Male Student,りかざされて迷惑することのない、素晴らしい,"school life will begin without
anyone",,,
125_5_4.json,2703,Dialog,Male Student,学校生活が始まるんだ」,"abusing their power and causing
trouble.",,,
125_5_4.json,2705,Dialog,Male Student,「わかるだろ？　協力して欲しいんだ。アイツ,Get it? We need your help.,,,
125_5_4.json,2706,Dialog,Male Student,を引きずりおろすために」,To drag him down.,,,
125_5_4.json,2708,Dialog,Haruhi,「……あなたは、誤解してます」,You're mistaken.,,,
125_5_4.json,2710,Dialog,Male Student,「何？」,What?,,,
125_5_4.json,2712,Dialog,Haruhi,「みんな、環先輩のことが好きだから一緒にい,We're just with him because,,,
125_5_4.json,2713,Dialog,Haruhi,るだけです」,we like Tama-chan.,,,
125_5_4.json,2714,Dialog,Haruhi,環先輩は……、変なところもいっぱいあるけど、,Senpai's got his quirks...,,,
125_5_4.json,2715,Dialog,Haruhi,優しくて、たまにだけどカッコいいところもあ,but he's also kind,,,
125_5_4.json,2716,Dialog,Haruhi,る。,and cool sometimes.,,,
125_5_4.json,2717,Dialog,Haruhi,ホスト部でいろんなこともするけど、それは権,"We do all sorts of things in the
Host Club,",,,
125_5_4.json,2718,Dialog,Haruhi,力をふりかざしているんじゃなくて、みんなに,but it's not about showing off our,,,
125_5_4.json,2719,Dialog,,楽しんでもらうため。,"power--it's to make everyone have
fun.",,,
125_5_4.json,2720,Dialog,,だから、そんな環先輩のことを――。,"So, about that Tamaki-senpai--.",,,
125_5_4.json,2722,Dialog,Haruhi,「自分も、環先輩のことを、尊敬しています！」,"I respect you too, Tama-chan!",,,
125_5_4.json,2725,Dialog,Male Student,「ああ、そう」,"Oh, right.",,,
125_5_4.json,2727,Dialog,Male Student,「君、思った以上につまらないね。こうすれば、,"You're even more boring than I
thought.",,,
125_5_4.json,2728,Dialog,Male Student,少しはおもしろくなるかな」,"Maybe this will be a little more
fun.",,,
125_5_4.json,2730,Dialog,Haruhi,「な――、何するんですか！」,Wh--What are you doing!,,,
125_5_4.json,2731,Dialog,Haruhi,上級生は自分の右腕を乱暴につかんで……、ひ,The upperclassman grabbed my right,,,
125_5_4.json,2732,Dialog,Haruhi,ねりあげる。,arm roughly... and twisted it.,,,
125_5_4.json,2734,Dialog,Haruhi,「……！　放してください！」,「...! Let me go!」,,,
125_5_4.json,2736,Dialog,Male Student,「協力してくれるならね」,If you're gonna help me.,,,
125_5_4.json,2738,Dialog,Haruhi,「……絶対に、イヤです」,I absolutely don't like it.,,,
125_5_4.json,2740,Dialog,Male Student,「そう……。君、本当につまんないね」,You really are boring...,,,
125_5_4.json,2743,Dialog,Haruhi,体のなかから、骨のきしむ音が聞こえる……。,"I can hear my bones creaking from
inside my body...",,,
125_5_4.json,2751,Dialog,,……痛みのなかで、環先輩の顔が思い浮かぶ。,"... In my pain, I think of Senpai's
face.",,,
125_5_4.json,2753,Dialog,Haruhi,「……環先輩」,...Takashi-senpai,,,
125_5_4.json,2755,Dialog,Haruhi,そうつぶやいたとき――。,Just as I muttered that--.,,,
125_5_4.json,2757,Dialog,Tamaki,"#Pos[0,20]#Scale[1.4]　　　 「ハルヒッ！！」","#Pos[0,20]#Scale[1.4] Haruhi!!",,,
125_5_4.json,2759,Dialog,Tamaki,環先輩の声が聞こえた。,I heard Senpai's voice.,,,
125_5_4.json,2766,Dialog,Male Student,「須王……！」,Sukawa...!,,,
125_5_4.json,2767,Dialog,Male Student,環先輩は、上級生にひねりあげられている自分,Takashi saw Senpai's arm being,,,
125_5_4.json,2768,Dialog,Male Student,の腕を見た。,twisted by an upperclassman.,,,
125_5_4.json,2769,Dialog,Male Student,上級生はパッと自分の腕を放した。,"The upperclassman suddenly let go of
my arm.",,,
125_5_4.json,2777,Dialog,Tamaki,「このッ！」,「This!」,,,
125_5_4.json,2780,Dialog,Male Student,「まっ、待て、須王、とりあえず落ち着いて、,"Wait, Kurakano! Calm",,,
125_5_4.json,2781,Dialog,Male Student,話を……」,down and listen...,,,
125_5_4.json,2782,Dialog,Male Student,#Scale[1.4]ドカッ！,#Scale[1.4]Thud!,,,
125_5_4.json,2783,Dialog,Male Student,思いっきり環先輩になぐられて、上級生はふっ,I got beaten up by Tama-chan and,,,
125_5_4.json,2784,Dialog,Male Student,とんだ。,the upperclassmen scattered.,,,
125_5_4.json,2792,Dialog,Tamaki,「早く消えろ！」,Disappear quickly!,,,
125_5_4.json,2794,Dialog,Male Student,「……須王、これですむと思うなよ！」,"Kurakano, don't think this will be
enough!",,,
125_5_4.json,2795,Dialog,Male Student,上級生は逃げるように走っていった。,The upperclassmen ran away.,,,
125_5_4.json,2798,Dialog,Haruhi,「ありがとうございます。助かりました……」,Thanks... I owe you one.,,,
125_5_4.json,2809,Dialog,Tamaki,環先輩が心配そうな表情で、そっと右腕をとっ,"Senpai took my right arm gently and
rolled",,,
125_5_4.json,2810,Dialog,Tamaki,て袖をまくった。,up the sleeve with a worried look.,,,
125_5_4.json,2812,Dialog,Tamaki,「大丈夫か……、ハルヒ」,「Are you okay... Haruhi?」,,,
125_5_4.json,2814,Dialog,Haruhi,「平気ですよ。すぐに治ります」,I'm fine. It'll be better soon.,,,
125_5_4.json,2815,Dialog,Haruhi,別に折れてるわけじゃないし。,I'm not backing down.,,,
125_5_4.json,2817,Dialog,Tamaki,「何が平気なものか！　こんなに赤くなっ,What are you so calm about!,,,
125_5_4.json,2818,Dialog,Tamaki,て……」,You're all red...,,,
125_5_4.json,2820,Dialog,Tamaki,「俺がもっと早く駆けつけていれば、こんなこ,"If I had come sooner, this",,,
125_5_4.json,2821,Dialog,Tamaki,とには……」,never would've happened...,,,
125_5_4.json,2823,Dialog,Haruhi,「そんなことありませんよ」,It's nothing like that.,,,
125_5_4.json,2825,Dialog,Tamaki,「――いや、これは大問題だ。責任をとらねば」,"No, this is a serious problem. I
have to take responsibility.",,,
125_5_4.json,2826,Dialog,Tamaki,責任をとるって、そんなおおげさな……。,"Taking responsibility isn't that big
a deal...",,,
125_5_4.json,2828,Dialog,Haruhi,「そんな顔、しないでください」,Don't make that face.,,,
125_5_4.json,2829,Dialog,Haruhi,泣きそうな顔の先輩に手を伸ばす……。,"Reaching out to senior with a face
on the verge of tears...",,,
125_5_4.json,2834,Dialog,Tamaki,「ん、どうした？」,"Hmm, what's up?",,,
125_5_4.json,2837,Dialog,Tamaki,「ケガならしてないよ」,I didn't hurt you.,,,
125_5_4.json,2840,Dialog,Tamaki,「俺の心配はいらない」,Don't worry about me.,,,
125_5_4.json,2843,Dialog,Tamaki,「もう……、誰にも傷つけさせない……」,I won't let anyone hurt you...,,,
125_5_4.json,2846,Dialog,Tamaki,「ハルヒがお嫁にいけなくなったら、俺が責任,I'll take responsibility,,,
125_5_4.json,2847,Dialog,Tamaki,をとるよ」,if you can't get married.,,,
125_5_4.json,2848,Dialog,Tamaki,責任って……、自分と結婚するってこと！？,"Responsibility... means marrying
me!?",,,
125_5_4.json,2850,Dialog,Haruhi,「と、とらなくていいです！」,Don't catch it!,,,
125_5_4.json,2851,Dialog,Haruhi,……まったく、何を言い出すかと思えば。,...I wondered what you'd say.,,,
125_5_4.json,2859,Dialog,Haruhi,「これくらい、傷跡にも残りませんよ」,This won't even leave a mark.,,,
125_5_4.json,2861,Dialog,Tamaki,「……それならいいんだが、でも……」,"...If that's the case, then that's
good... but...",,,
125_5_4.json,2863,Dialog,Kyoya,「すまないが、そろそろいいかな？」,"Sorry, but can we wrap this up?",,,
125_5_4.json,2870,Dialog,,いつの間にか、鏡夜先輩が微笑みを浮かべて立っ,"Before I knew it, Kyoya-senpai was",,,
125_5_4.json,2871,Dialog,,ていた。,standing there with a smile.,,,
125_5_4.json,2873,Dialog,Haruhi,「鏡夜先輩！？　いつからそこに」,"Kyoya-senpai!? When did you get
there?",,,
125_5_4.json,2878,Dialog,Kyoya,「聞きたいか？」,Want to know?,,,
125_5_4.json,2880,Dialog,Haruhi,「……いえ、いいです」,"...No, it's fine.",,,
125_5_4.json,2888,Dialog,Tamaki,「鏡夜……」,「Kyoya...」,,,
125_5_4.json,2894,Dialog,Kyoya,「そんな顔をするなバカ。……また忙しくなる,"Stop making that face, idiot.",,,
125_5_4.json,2895,Dialog,Kyoya,ぞ」,...We'll be busy again.,,,
125_5_4.json,2897,Dialog,Haruhi,「え？　……忙しくって」,Huh? ...I'm busy.,,,
125_5_4.json,2902,Dialog,Haruhi,答える代わりに、鏡夜先輩はいつもの微笑みを,"Instead of answering, Kyoya-senpai",,,
125_5_4.json,2903,Dialog,Haruhi,浮かべる。,gives his usual smile.,,,
125_5_4.json,2905,Dialog,Kyoya,「子どもたち、証拠は撮れているな」,"Kids, did you get the evidence?",,,
125_5_4.json,2921,Dialog,Hikaru & Kaoru,「ハルヒが呼び出されるところから、バッチリ,Haruhi gets called,,,
125_5_4.json,2922,Dialog,Hikaru & Kaoru,でーす」,out perfectly!,,,
125_5_4.json,2923,Dialog,Hikaru & Kaoru,光と馨が楽しそうに顔を出す。,"Hikaru and Kaoru pop out looking
happy.",,,
125_5_4.json,2926,Dialog,Hikaru & Kaoru,……隠れてビデオに撮ってたのか。,...You were hiding and filming us?,,,
125_5_4.json,2927,Dialog,Hikaru & Kaoru,あ、だから環先輩は自分の責任だって……。,"Oh, so that's why Tama-chan thinks
it's his responsibility...",,,
125_5_4.json,2934,Dialog,Kyoya,「これだから三流相手は楽で助かる」,"Third-rate opponents are so easy to
deal with.",,,
125_5_4.json,2936,Dialog,Haruhi,「でもあの人の持ってる携帯電話には……」,But the cell phone he's holding...,,,
125_5_4.json,2941,Dialog,Kyoya,「それならきちんとご相談したうえで、データ,I had all the data erased,,,
125_5_4.json,2942,Dialog,Kyoya,をすべて抹消させてもらった」,after consulting properly.,,,
125_5_4.json,2944,Dialog,Haruhi,「環先輩が殴ったところは……」,Where Tama-chan hit...,,,
125_5_4.json,2957,Dialog,Mori,「……正当防衛だ」,It was self-defense...,,,
125_5_4.json,2962,Dialog,Honey,「そうそう。悪いことをする人は、【め！】な,That's right! Bad,,,
125_5_4.json,2963,Dialog,Honey,の」,people are *me*!,,,
125_5_4.json,2964,Dialog,Honey,いつの間にか、モリ先輩とハニー先輩まで……。,"Before I knew it, even Mori-senpai
and Honey-senpai...",,,
125_5_4.json,2974,Dialog,Kyoya,「ハルヒのおかげで計画とはずいぶん変わった,"Thanks to you, Haruhi, the plan
turned",,,
125_5_4.json,2975,Dialog,Kyoya,結末だが、予定より２日も短縮できたことは喜,"out differently, but I'm glad we",,,
125_5_4.json,2976,Dialog,Kyoya,ばしい限りだ」,finished two days ahead of schedule.,,,
125_5_4.json,2977,Dialog,Kyoya,計画なんて立ててあったんだ……。,There was a plan...?,,,
125_5_4.json,2986,Dialog,Honey,「ねえねえハルちゃん、痛い？　だいじょう,"Hey hey Haru-chan, does",,,
125_5_4.json,2987,Dialog,Honey,ぶ？」,it hurt? Are you okay?,,,
125_5_4.json,2989,Dialog,Haruhi,「大丈夫ですよ、ハニー先輩」,"I'm fine, Honey-senpai.",,,
125_5_4.json,2991,Dialog,Haruhi,なんだかこの雰囲気、ものすごくなつかしい気,This atmosphere feels,,,
125_5_4.json,2992,Dialog,Haruhi,がする。,incredibly familiar.,,,
125_5_4.json,2993,Dialog,Haruhi,みんなの顔を見ているだけでもうれしい。,"I'm happy just looking at everyone's
faces.",,,
125_5_4.json,2995,Dialog,Haruhi,「ありがとう」,Thank you.,,,
125_5_4.json,2996,Dialog,Haruhi,そう思うと、自然に言葉がでてきた。,"The words came out naturally when I
thought about it.",,,
125_5_4.json,3003,Dialog,Tamaki,「……ハルヒ」,「...Haruhi」,,,
125_5_4.json,3011,Dialog,Kyoya,「感動するにはまだ早いぞ。事後処理がまだ残っ,It's too soon to be moved. There are,,,
125_5_4.json,3012,Dialog,Kyoya,ているからな」,still aftereffects to deal with.,,,
125_5_4.json,3014,Dialog,Haruhi,「楽しそうですね、鏡夜先輩……」,"It looks like fun, Kyoya-senpai...",,,
125_5_4.json,3019,Dialog,Kyoya,「そうか？」,Hmm?,,,
125_5_4.json,3020,Dialog,Kyoya,この件に関わった人たちが、ちょっとだけ気の,I might feel a little bad,,,
125_5_4.json,3021,Dialog,Kyoya,毒かもしれない……。,for the people involved...,,,
125_5_4.json,3023,Dialog,Kyoya,でも、これでいつも通りの毎日がかえってくる。,"But this will bring back our usual
everyday life.",,,
125_5_4.json,3024,Dialog,Kyoya,そう考えるだけで良かったと思える。,I'm glad that's all I had to think.,,,
125_5_4.json,3031,Dialog,Tamaki,「これからもよろしくな、ハルヒ」,"Looking forward to it, Haruhi.",,,
125_5_4.json,3033,Dialog,Haruhi,「はい」,Yes,,,
125_5_4.json,3038,Dialog,Haruhi,環先輩の笑顔で、長かった１日が終わる――。,"My long day ends with Senpai's
smile...",,,
125_5_4.json,3046,Dialog,,#Color[7]#Scale[1.8]放課後,#Color[7]#Scale[1.8]After School,,,
125_5_4.json,3047,Dialog,,キーンコーンカーンコーン。,Bing-bong-ching-bong.,,,
125_5_4.json,3048,Dialog,,授業が終わると同時に――。光は前の扉から、,"As soon as class ends -- Hikaru
heads out through",,,
125_5_4.json,3049,Dialog,,馨は後ろの扉からバラバラに出て行く。,"the front door and Kaoru through the
back.",,,
125_5_4.json,3051,Dialog,,自分はお芝居ってわかっているからいいけ,I know I'm just acting...,,,
125_5_4.json,3052,Dialog,,ど……。,so it's fine...,,,
125_5_4.json,3064,Dialog,Kurakano,「光くんと馨くん、仲直りされていませんね」,"You two still aren't on speaking
terms.",,,
125_5_4.json,3065,Dialog,Kurakano,倉賀野さんたちが、心配そうに声をかけてくれ,Kurakano-san and the others ask,,,
125_5_4.json,3066,Dialog,Kurakano,る。,if I'm okay with worried voices.,,,
125_5_4.json,3067,Dialog,Kurakano,……それが心苦しい。,...That's what bothers me.,,,
125_5_4.json,3069,Dialog,Haruhi,「大丈夫だと思うよ」,I think it'll be okay.,,,
125_5_4.json,3074,Dialog,Sakurazuka,「本当に。ね、そういえば聞きました？」,"Really. Say, did you hear about
that?",,,
125_5_4.json,3076,Dialog,Haruhi,「何かあったんですか？」,Is something wrong?,,,
125_5_4.json,3090,Dialog,Renge,「もちろん知ってますわ。あの不祥事の記事は,I know all about it. It was just,,,
125_5_4.json,3091,Dialog,Renge,【ウソ】っていうお話ですわね」,"a false report, wasn't it?",,,
125_5_4.json,3096,Dialog,Sayuri,「お昼休みに、号外で少し配られただけらしく,"It seems like it was only handed out
as an extra during",,,
125_5_4.json,3097,Dialog,Sayuri,て、あんまり知られてないみたいだけど」,"lunchtime, so not many people know
about it.",,,
125_5_4.json,3106,Dialog,Sakurazuka,「聞いた話ですと、補導された生徒のインタ,"I heard there's an interview with
the",,,
125_5_4.json,3107,Dialog,Sakurazuka,ビューがあって……」,"student who was taken into
custody...",,,
125_5_4.json,3109,Dialog,Haruhi,「そんな記事が……」,That kind of article...,,,
125_5_4.json,3122,Dialog,Renge,「ええ。本当は駆け落ちどころか、補導もされ,"Yeah. Apparently, they didn't even
get picked up by the police,",,,
125_5_4.json,3123,Dialog,Renge,てないらしいですわ。ロマンのないお話」,"let alone run away together. What a
boring story.",,,
125_5_4.json,3128,Dialog,Sayuri,「でもそれが本当なら、ホスト部はすぐに再開,"But if that's true, then the Host
Club can start",,,
125_5_4.json,3129,Dialog,Sayuri,できるんじゃない？　ね、ハルちゃん」,"up again right away, right? C'mon,
Haru-chan.",,,
125_5_4.json,3131,Dialog,Haruhi,「……そうだね。確かめてみないとわからない,I see... We won't know,,,
125_5_4.json,3132,Dialog,Haruhi,けど」,unless we check.,,,
125_5_4.json,3136,Dialog,Haruhi,実体はないけど、ウワサだけがきちんと流れて,"It doesn't exist, but the rumors",,,
125_5_4.json,3137,Dialog,Haruhi,るっていうところが……。,about it are spreading...,,,
125_5_4.json,3138,Dialog,,なんとなく、鏡夜先輩が動いているような感じ,I get the feeling Kyoya-senpai's,,,
125_5_4.json,3139,Dialog,,がするなあ。,up to something.,,,
125_5_4.json,3141,Dialog,,部室に行ったとき、聞いてみよう。,Ask when you go to the club room.,,,
125_5_4.json,3143,Dialog,Haruhi,「すみません。今日はちょっと用事があるか,Sorry. I have something,,,
125_5_4.json,3144,Dialog,Haruhi,ら……」,to do today...,,,
125_5_4.json,3145,Dialog,Haruhi,ウワサ話に盛り上がる小百合たちから、離れて,"I left the classroom to get away
from Sayuri and",,,
125_5_4.json,3146,Dialog,Haruhi,教室を出た。,"the others as they got excited about
gossip.",,,
125_5_4.json,3148,Dialog,Haruhi,さて、と……。,Well then...,,,
125_5_4.json,3149,Dialog,Haruhi,早く部室に行かないと、鏡夜先輩がもう待って,"We should hurry to the club room.
Otori-senpai",,,
125_5_4.json,3150,Dialog,,るかもしれない。,might already be waiting.,,,
125_5_4.json,3152,Dialog,,ガチャ。,Click.,,,
125_5_4.json,3154,Dialog,,鍵が開いてるってことは、鏡夜先輩はもう来て,That means Kyoya-senpai's,,,
125_5_4.json,3155,Dialog,,るんだ。,already here.,,,
125_5_4.json,3157,Dialog,Haruhi,「鏡夜先輩？　……いないんですか？」,Kyoya-senpai? ...Is he not here?,,,
125_5_4.json,3160,Dialog,Haruhi,静まり返った部室からは、何の物音もしない。,"There's not a sound coming from the
quiet clubroom.",,,
125_5_4.json,3161,Dialog,Haruhi,……この雰囲気、お昼と同じだ。,"...The atmosphere is just like
lunchtime.",,,
125_5_4.json,3162,Dialog,Haruhi,そう思った瞬間――。,The moment I thought that--.,,,
125_5_4.json,3169,Dialog,Ou,「鳳君ならいませんよ」,Haninozuka isn't here.,,,
125_5_4.json,3170,Dialog,Ou,柱の陰から、王さんが姿を現した。,"The King appeared from behind the
pillar.",,,
125_5_4.json,3172,Dialog,Haruhi,「王さん……。どうして部室に？」,"Why are you in the clubroom, Your
Highness...?",,,
125_5_4.json,3173,Dialog,Haruhi,……鏡夜先輩が王さんを置いて、どこかに行く,"...There's no way Kyoya-senpai would
leave",,,
125_5_4.json,3174,Dialog,Haruhi,はずはない。,"Ootori-sama behind and go somewhere
else.",,,
125_5_4.json,3176,Dialog,Haruhi,だとすると――。,If that's the case--.,,,
125_5_4.json,3178,Dialog,Haruhi,「お昼にいたのも、あなただったんですね」,So you were here at lunch too.,,,
125_5_4.json,3183,Dialog,Ou,「ご明察。さすが鳳君のお気に入りなだけはあ,As expected of my,,,
125_5_4.json,3184,Dialog,Ou,ります」,beloved Haruhi.,,,
125_5_4.json,3185,Dialog,Ou,不法侵入者の正体は、王さんだったんだ……。,The intruder was Ootori-sama...,,,
125_5_4.json,3187,Dialog,Haruhi,「そんなことより、どうしてこんなことを？」,"Why are you doing something like
this?",,,
125_5_4.json,3192,Dialog,Ou,「今回の一件、もう鳳君から聞いていると思い,"As I'm sure you've already heard
from Ootori-kun--this",,,
125_5_4.json,3193,Dialog,Ou,ますが――。最初から私が仕組んだことです」,"whole thing was my idea from the
start.",,,
125_5_4.json,3200,Dialog,Ou,「うまく進んでいたんですが……」,It was going well... but...,,,
125_5_4.json,3202,Dialog,Haruhi,「誰かのせいでうまくいかなくなった」,"It's someone's fault it didn't work
out.",,,
125_5_4.json,3207,Dialog,Ou,「そう、その通りです。鳳君さえいなければ、,"That's right. Everything would have
been",,,
125_5_4.json,3208,Dialog,Ou,すべてうまくいっていたんですよ」,"perfect if you weren't here,
Honey-kun.",,,
125_5_4.json,3209,Dialog,Ou,王さんの笑みがかたくなる。笑っているのに、,The King's smile turns stiff. He's,,,
125_5_4.json,3210,Dialog,Ou,笑っていない……。,smiling... but not really...,,,
125_5_4.json,3215,Dialog,Ou,「須王の子息にとりいって陰であやつる……。,"Manipulating Kurakano's son from the
shadows...",,,
125_5_4.json,3216,Dialog,Ou,彼らしいやり方ですよ」,That's his style.,,,
125_5_4.json,3221,Dialog,Ou,「もっとも、ホスト部ですら……。彼にとって,"Still, even for the Host Club... He
seems to",,,
125_5_4.json,3222,Dialog,Ou,は野望のための捨て駒でしかないようですが」,"see them as mere pawns in his grand
scheme.",,,
125_5_4.json,3224,Dialog,Haruhi,「……王さんは、どうしてそう思うんですか？」,"Why do you think so, Your Highness?",,,
125_5_4.json,3229,Dialog,Ou,「冷血の策略家が、計算も利益もなしに人と付,"A cold-blooded strategist wouldn't
waste time",,,
125_5_4.json,3230,Dialog,Ou,き合うわけがないでしょう」,"with people without calculating the
benefits.",,,
125_5_4.json,3232,Dialog,Haruhi,「誤解です。王さんは鏡夜先輩のことを、ぜん,It's a misunderstanding. You have no,,,
125_5_4.json,3233,Dialog,Haruhi,ぜんわかってないです」,idea what Ootori-senpai is like.,,,
125_5_4.json,3238,Dialog,Ou,「うるさい！　……庶民が、私に……、意見す,Shut up! ...Commoners don't,,,
125_5_4.json,3239,Dialog,Ou,るんじゃない」,get to give me advice!,,,
125_5_4.json,3244,Dialog,Ou,「……レオの件では、邪魔されたことも腹立た,"...It's infuriating that someone
interfered",,,
125_5_4.json,3245,Dialog,Ou,しい限りですが、馴れ合っている姿も不愉快で,"with Leo's matter, and I also don't",,,
125_5_4.json,3246,Dialog,Ou,してね」,like seeing you two getting cozy.,,,
125_5_4.json,3248,Dialog,Ou,不愉快って……。この人、それだけの理由で？,"He's unhappy...? Is that all it
takes for him to be upset?",,,
125_5_4.json,3253,Dialog,Ou,「庶民には、わからないでしょうね」,You commoners wouldn't understand.,,,
125_5_4.json,3255,Dialog,Haruhi,「……わかりたくありません」,I don't want to know.,,,
125_5_4.json,3260,Dialog,Ou,「ふん……、違います。わからないんです」,"Hmph... You're wrong. I don't
understand.",,,
125_5_4.json,3262,Dialog,Haruhi,「いえ、わかりたくないんです」,"No, I don't want to know.",,,
125_5_4.json,3263,Dialog,Haruhi,意見は平行線のまま。誰もいない部室で、王さ,"Our opinions remain at odds. We
glare",,,
125_5_4.json,3264,Dialog,Haruhi,んとにらみ合う。,at each other in an empty clubroom.,,,
125_5_4.json,3266,Dialog,Haruhi,冷たい汗が背中を流れる……。,Cold sweat's running down my back...,,,
125_5_4.json,3272,Dialog,Ou,「……藤岡くん、あなたと話していても、本当,"...Fujio-kun, talking to you",,,
125_5_4.json,3273,Dialog,Ou,に時間の無駄ですね」,really is a waste of time.,,,
125_5_4.json,3278,Dialog,Ou,「あなたが鳳君から受け取ったデータを渡しな,"Hand over the data you got from
Haninozuka-kun.",,,
125_5_4.json,3279,Dialog,Ou,さい。それを破棄して、私は手を引きます」,I'll drop this if you destroy it.,,,
125_5_4.json,3281,Dialog,Haruhi,「……受け取ったデータ？」,...Data received?,,,
125_5_4.json,3289,Dialog,Ou,「あなたが、データを持っていることは、わかっ,I know you have,,,
125_5_4.json,3290,Dialog,Ou,ているんです」,the data.,,,
125_5_4.json,3291,Dialog,Ou,ぐっと王さんに詰め寄られる。,Get pressed up against Ootori.,,,
125_5_4.json,3292,Dialog,Ou,……そういえば、鏡夜先輩から『情報はディス,"...Speaking of which,
Oyashiro-senpai told",,,
125_5_4.json,3293,Dialog,Ou,クに保存して渡す』って言われてた。,"me to ""give him the information on a
disk.""",,,
125_5_4.json,3295,Dialog,Ou,まだもらってないんだけど……。,I haven't gotten one yet...,,,
125_5_4.json,3300,Dialog,Ou,「――さあ、早く渡せ！」,"「--Come on, hand it over!」",,,
125_5_4.json,3302,Dialog,Kyoya,「ディスクならここにあるが？」,Is the disk here?,,,
125_5_4.json,3310,Dialog,Ou,「……鳳鏡夜！」,Kyouya!,,,
125_5_4.json,3312,Dialog,Haruhi,「鏡夜先輩！」,Kyoya-senpai!,,,
125_5_4.json,3317,Dialog,Kyoya,「まったく、これだから三流相手は楽で助かる」,"Good grief, dealing with third-rate
opponents is so easy and convenient.",,,
125_5_4.json,3318,Dialog,Kyoya,鏡夜先輩がにんまりと笑う。,Kyoya-senpai smiles smugly.,,,
125_5_4.json,3320,Dialog,Ou,「なにっ！？」,「What!?」,,,
125_5_4.json,3326,Dialog,Kyoya,「子どもたち、不法侵入からの映像は撮れてる,"Kids, did you get footage",,,
125_5_4.json,3327,Dialog,Kyoya,な」,of the break-in?,,,
125_5_4.json,3342,Dialog,Hikaru & Kaoru,「バッチリで〜す」,「Right on~!」,,,
125_5_4.json,3343,Dialog,Hikaru & Kaoru,鏡夜先輩の言葉に、光と馨が笑顔で現れる。,"Hikaru and Kaoru appear with smiles
at Kyoya-senpai's words.",,,
125_5_4.json,3352,Dialog,Tamaki,「うちの部員に手を出そうとしたんだから、レ,"I won't let you off easy just
because",,,
125_5_4.json,3353,Dialog,Tamaki,オの友人とはいえ、タダではすまないぞ」,you're a friend of Leo's.,,,
125_5_4.json,3354,Dialog,Tamaki,続けて、環先輩もカーテンの後ろから出てくる。,"Next, Tama-chan comes out from
behind the curtain too.",,,
125_5_4.json,3355,Dialog,Tamaki,ずっと隠れてたんだ、そこに。,I've been hiding there.,,,
125_5_4.json,3368,Dialog,Honey,「ごめんね、ハルちゃん。怖い思いさせて」,"I'm sorry, Haru-chan. I scared you.",,,
125_5_4.json,3373,Dialog,Mori,「すまん」,Sorry.,,,
125_5_4.json,3375,Dialog,Mori,ハニー先輩とモリ先輩も……。,Honey-senpai and Mori-senpai too...,,,
125_5_4.json,3384,Dialog,Tamaki,「ハルヒ〜、ごめんよ〜。母さんが決定的な証,"Haruhi~ I'm sorry~. My mom said
she'd",,,
125_5_4.json,3385,Dialog,Tamaki,拠をつかんでからって言うから」,have concrete proof by then.,,,
125_5_4.json,3387,Dialog,Haruhi,「いえ、なんとなくそんな気が……」,"Yeah, I kind of feel like that...",,,
125_5_4.json,3395,Dialog,Ou,「……すべて、鳳君の罠だったということです,...So everything was a trap,,,
125_5_4.json,3396,Dialog,Ou,か」,"set by you, Ootori-kun?",,,
125_5_4.json,3404,Dialog,Tamaki,「その通りだ」,That's right.,,,
125_5_4.json,3405,Dialog,Tamaki,どうして環先輩が誇らしげに……。,Why is Tama-chan so proud...?,,,
125_5_4.json,3414,Dialog,Kaoru,「だいたい鏡夜先輩に勝とうなんて」,"Anyway, trying to beat
Kyoya-senpai...",,,
125_5_4.json,3421,Dialog,Hikaru,「百万年は早いんじゃない？」,A million years isn't soon enough?,,,
125_5_4.json,3430,Dialog,Ou,「……くっ」,「...Kuh!」,,,
125_5_4.json,3431,Dialog,Ou,王さんは、ガックリと肩をおとした。,King slumped his shoulders.,,,
125_5_4.json,3434,Dialog,Ou,これで終わり、なのかな。,Is this it...?,,,
125_5_4.json,3435,Dialog,Ou,なんかものすごく疲れた……。ちょっと休んで,I'm so tired... Can I,,,
125_5_4.json,3436,Dialog,Ou,もいいよね。,take a little break?,,,
125_5_4.json,3437,Dialog,,王さんから事情を聞いているみんなのそばを離,I leave everyone and,,,
125_5_4.json,3438,Dialog,,れて、椅子に腰かける。,sit down in a chair.,,,
125_5_4.json,3439,Dialog,,はあ……。,Hah...,,,
125_5_4.json,3440,Dialog,,こんなことになるなら、最初から話してくれれ,"If it's going to be like this, you",,,
125_5_4.json,3441,Dialog,,ば良かったのに。,should have told me from the start.,,,
125_5_4.json,3442,Dialog,,……鏡夜先輩にとって、自分は『駒』のひとつ,...Am I just one of your,,,
125_5_4.json,3443,Dialog,,なのかな？,"""pieces,"" Kyoya-senpai?",,,
125_5_4.json,3445,Dialog,Kyoya,「お疲れのようだな」,You look tired.,,,
125_5_4.json,3447,Dialog,Kyoya,コーヒーカップを手にした鏡夜先輩が隣に腰を,Kyoya-senpai sat down next to,,,
125_5_4.json,3448,Dialog,Kyoya,おろした。,me with a coffee cup in hand.,,,
125_5_4.json,3450,Dialog,Kyoya,「砂糖とミルクを多めに入れておいた」,Added extra sugar and milk,,,
125_5_4.json,3453,Dialog,Haruhi,「……ありがとう、ございます」,「...Thank you.」,,,
125_5_4.json,3454,Dialog,Haruhi,鏡夜先輩が、自分にコーヒーを用意してくれる,Kyoya-senpai making,,,
125_5_4.json,3455,Dialog,Haruhi,なんて。,coffee for me?,,,
125_5_4.json,3456,Dialog,Haruhi,しかもインスタントじゃない。ちゃんと豆から,And it's not instant either.,,,
125_5_4.json,3457,Dialog,Haruhi,挽（ひ）いたやつだ。……これ、飲んでもいい,It's freshly ground from,,,
125_5_4.json,3458,Dialog,Haruhi,んだよね。,beans. ...Can I drink this?,,,
125_5_4.json,3460,Dialog,Kyoya,「飲まないのなら下げるが？」,"Will you take it if I don't drink
it?",,,
125_5_4.json,3462,Dialog,Haruhi,「いえ、いただきます。でも、自分にコーヒー,"No, I'll take it. But is there any
benefit",,,
125_5_4.json,3463,Dialog,Haruhi,を作ることに、メリットはあるんですか？」,in making coffee for myself?,,,
125_5_4.json,3466,Dialog,Kyoya,「一緒にいる時間くらいは作れるだろう」,"We can at least make time for each
other.",,,
125_5_4.json,3468,Dialog,Haruhi,「それは……、興味深い意見ですね」,That's... an interesting opinion.,,,
125_5_4.json,3470,Dialog,Kyoya,「そうだな」,Yes.,,,
125_5_4.json,3471,Dialog,Kyoya,つぶやきながら、鏡夜先輩は立ち上がった。,"Murmuring to himself, Kyoya-senpai
stood up.",,,
125_5_4.json,3479,Dialog,Kyoya,「とにかく、今回は良くやってくれた」,"「Anyway, you did well this time.」",,,
125_5_4.json,3481,Dialog,Haruhi,「……何もした気がしないんですけどね」,"I don't feel like I've done
anything.",,,
125_5_4.json,3486,Dialog,Kyoya,「それなら、片付けは頼む」,Tidying up's your job.,,,
125_5_4.json,3488,Dialog,Kyoya,そう言って鏡夜先輩は、王さんが中心になって,"Saying that, Kyoya-senpai returned",,,
125_5_4.json,3489,Dialog,Kyoya,いる輪のなかへ戻っていった。,to the circle around me.,,,
125_5_4.json,3491,Dialog,Kyoya,これで、いつも通りの毎日がかえってくる。そ,"This way, things will go back to
normal. Just",,,
125_5_4.json,3492,Dialog,Kyoya,う考えるだけで良かったと思える。,"thinking about it makes me feel
good.",,,
125_5_4.json,3493,Dialog,,それにしても、王さんはこれから大変だろうな,"Still, Ootori-kun's in",,,
125_5_4.json,3494,Dialog,,あ……。,for it from now on...,,,
125_5_4.json,3495,Dialog,,相手が鏡夜先輩だもんね。,It's because it's Kyoya-senpai.,,,
125_5_4.json,3496,Dialog,,でも、悪いことをしたんだからしかたないか。,"But since I did something bad,
there's nothing to be done about it.",,,
125_5_4.json,3498,Dialog,,やっと、長かった１日が終わる――。,"Finally, my long day is over --.",,,
125_5_4.json,3506,Dialog,,#Color[7]#Scale[1.8]放課後,#Color[7]#Scale[1.8]After School,,,
125_5_4.json,3507,Dialog,,キーンコーンカーンコーン。,Bing-bong-ring-bong.,,,
125_5_4.json,3508,Dialog,,授業が終わると同時に、馨は黙って教室を出て,Kaoru quietly leaves the classroom,,,
125_5_4.json,3509,Dialog,,行く。,as soon as class ends.,,,
125_5_4.json,3510,Dialog,,その姿と入れ替わりに、知らない人がこっちへ,A stranger walked over,,,
125_5_4.json,3511,Dialog,,向かって歩いてきた。,here in her place.,,,
125_5_4.json,3513,Dialog,Male Student 1,「常陸院光くん、いる？」,"Are you around, Hikaru?",,,
125_5_4.json,3515,Dialog,Haruhi,「光なら……」,If it's Hikaru...,,,
125_5_4.json,3522,Dialog,Hikaru,「僕だけど」,It's me.,,,
125_5_4.json,3524,Dialog,Male Student 1,「ちょっと話があるんだけど、来てもらえるか,Is it okay if I talk,,,
125_5_4.json,3525,Dialog,Male Student 1,な」,to you for a bit?,,,
125_5_4.json,3530,Dialog,Hikaru,「いいよ」,Sure.,,,
125_5_4.json,3532,Dialog,Haruhi,「え！？」,Huh!?,,,
125_5_4.json,3533,Dialog,Haruhi,断るだろうと思っていたのに、光はあっさりと,"I thought he'd refuse, but",,,
125_5_4.json,3534,Dialog,Haruhi,うなずいた。,Hikaru just nodded easily.,,,
125_5_4.json,3536,Dialog,Haruhi,「それじゃあ、自分も……」,So I'll do it too...,,,
125_5_4.json,3544,Dialog,Hikaru,「来なくていいよ」,「You don't have to come.」,,,
125_5_4.json,3546,Dialog,Haruhi,「でも……」,But...,,,
125_5_4.json,3551,Dialog,Hikaru,「教室で待っててよ」,Wait for me in the classroom.,,,
125_5_4.json,3553,Dialog,Hikaru,そう言うと、光は教室を出て行ってしまった。,"And with that, Hikaru left the
classroom.",,,
125_5_4.json,3554,Dialog,Hikaru,……僕と一緒にいればいいって言ってたのに。,"...Even though you said I could stay
with you.",,,
125_5_4.json,3566,Dialog,Kurakano,「光くん、どうしたのかしら？」,"What's wrong, Hikaru-kun?",,,
125_5_4.json,3571,Dialog,Sakurazuka,「馨くんもいないときに……、ひとりで」,"Even when Kaoru's not around...
alone",,,
125_5_4.json,3580,Dialog,Sayuri,「ハルちゃん――、いいの？」,Haru-chan... Is it okay?,,,
125_5_4.json,3582,Dialog,Haruhi,「気になるけど、ここで待ってて欲しいみたい,"I'm curious, but it seems like",,,
125_5_4.json,3583,Dialog,Haruhi,だから」,they want me to wait here.,,,
125_5_4.json,3592,Dialog,Renge,「嵐の予感がしますわ」,I sense a storm coming.,,,
125_5_4.json,3593,Dialog,Renge,れんげちゃんが言うと、冗談に聞こえないなあ。,"When Renge says it, it doesn't sound
like a joke.",,,
125_5_4.json,3599,Dialog,,小百合たちも帰って、教室で光の帰りを待って,"Sayuri and the others have gone
home, and",,,
125_5_4.json,3600,Dialog,,いると――。,"I'm waiting for Hikaru in the
classroom--.",,,
125_5_4.json,3601,Dialog,,さっきの人が戻ってきた。,The person from before came back.,,,
125_5_4.json,3602,Dialog,,……光の姿はない。,...Hikaru isn't here.,,,
125_5_4.json,3604,Dialog,Haruhi,「あの、光は？」,Where's Hikaru?,,,
125_5_4.json,3606,Dialog,Male Student 1,「常陸院くんなら図書室で待ってるよ。君を連,"Kurakano-kun's waiting in the
library.",,,
125_5_4.json,3607,Dialog,Male Student 1,れてきて欲しいって頼まれたんだ」,He asked me to bring you along.,,,
125_5_4.json,3609,Dialog,Haruhi,「何かあったんですか？」,Is something wrong?,,,
125_5_4.json,3611,Dialog,Male Student 1,「さあ？　僕は頼まれただけだし。じゃあ、行,Alright then? I'm just doing what,,,
125_5_4.json,3612,Dialog,Male Student 1,こうか」,I was asked. Shall we go?,,,
125_5_4.json,3614,Dialog,Haruhi,「…………はあ」,「......hmph」,,,
125_5_4.json,3615,Dialog,Haruhi,なんか変だけど、とにかくついて行くしかない,"Something's off, but I guess",,,
125_5_4.json,3616,Dialog,Haruhi,みたい……。,I have to follow along...,,,
125_5_4.json,3620,Dialog,Haruhi,待っているはずの光は、どこにも見あたらなかっ,I couldn't find,,,
125_5_4.json,3621,Dialog,,た。,Hikaru anywhere.,,,
125_5_4.json,3622,Dialog,,それどころか、放課後なのに図書室には誰もい,"Not only that, but there's no one",,,
125_5_4.json,3623,Dialog,,ない。,in the library after school.,,,
125_5_4.json,3626,Dialog,,だまされたんだ、と思ったときはもう遅かった。,"By the time I realized I'd been
tricked, it was too late.",,,
125_5_4.json,3628,Dialog,Male Student 1,「わかってると思うけど、逃げ出そうとしても,"I know you get it, but trying to",,,
125_5_4.json,3629,Dialog,Male Student 1,ムダだよ」,run away would be pointless.,,,
125_5_4.json,3631,Dialog,Haruhi,「……光はどこですか？」,Where's Hikaru?,,,
125_5_4.json,3633,Dialog,Male Student 1,「常陸院くんは、別のところにいるから気にし,Don't worry about Kurakano-kun.,,,
125_5_4.json,3634,Dialog,Male Student 1,なくていいよ」,He's somewhere else.,,,
125_5_4.json,3636,Dialog,Male Student 2,「ボクたちの言うことを聞いてくれれば、すぐ,Listen to us and you'll,,,
125_5_4.json,3637,Dialog,Male Student 2,に会えるけどね」,see him right away.,,,
125_5_4.json,3640,Dialog,Male Student 1,「ウワサになってるから知ってるだろうけど、,You must have heard about,,,
125_5_4.json,3641,Dialog,Male Student 1,この件は須王を引きずりおろすための計画なん,it by now. This is a plan,,,
125_5_4.json,3642,Dialog,Male Student 1,だよ」,to bring down Suou.,,,
125_5_4.json,3644,Dialog,Male Student 2,「外部の協力者もいてね、もうひと息なんだ」,"We've got outside help too, so we're
almost there.",,,
125_5_4.json,3646,Dialog,Male Student 1,「部員たちも仲が悪くなってバラバラだしね」,"The members aren't getting along
well either.",,,
125_5_4.json,3648,Dialog,Haruhi,「それは、あなたたちが――」,That's because you guys are--,,,
125_5_4.json,3650,Dialog,Male Student 2,「知ってるよ。君は、ホスト部に借金があって、,"I know. You owe the Host Club money
and",,,
125_5_4.json,3651,Dialog,Male Student 2,しかたなく部員になっているんだよね」,have no choice but to be a member.,,,
125_5_4.json,3653,Dialog,Male Student 2,「ホスト部がなくなれば、君は自由になれる,"Without the Host Club, you'll",,,
125_5_4.json,3654,Dialog,Male Student 2,んだから、協力したほうが得なんじゃないの,be free. Wouldn't it,,,
125_5_4.json,3655,Dialog,Male Student 2,かな？」,be better to cooperate?,,,
125_5_4.json,3657,Dialog,Male Student 1,「常陸院くんは、君がうなずいてくれるなら協,Kurakuno-kun said he'll,,,
125_5_4.json,3658,Dialog,Male Student 1,力してくれるって言ってるよ」,help if you nod.,,,
125_5_4.json,3660,Dialog,Haruhi,「光がそんなこと……」,"Hikaru wouldn't do something like
that...",,,
125_5_4.json,3662,Dialog,Male Student 2,「本当だよ。すぐにばれるようなウソなんてつ,"That's true. What's the point of
telling",,,
125_5_4.json,3663,Dialog,Male Student 2,いてもしかたないでしょ？」,"a lie that'll get found out right
away?",,,
125_5_4.json,3665,Dialog,Haruhi,「信じられません」,I can't believe it.,,,
125_5_4.json,3667,Dialog,Male Student 1,「別に信じてくれなくていいんだけど、協力は,"I don't need you to believe me,",,,
125_5_4.json,3668,Dialog,Male Student 1,してもらわないとね」,but I do need your cooperation.,,,
125_5_4.json,3670,Dialog,Haruhi,「光がホスト部をなくすようなことに手を貸す,I'd never help do something,,,
125_5_4.json,3671,Dialog,Haruhi,なんて、絶対にありません」,to get rid of the Host Club.,,,
125_5_4.json,3672,Dialog,Haruhi,……信じてるとか信じてないとかじゃない。こ,...This isn't about believing or,,,
125_5_4.json,3673,Dialog,Haruhi,れは、確信だ。,not believing. This is certainty.,,,
125_5_4.json,3676,Dialog,Male Student 2,「残念だなあ。できれば話し合いで解決したかっ,"Aww, what a shame. I was hoping we",,,
125_5_4.json,3677,Dialog,Male Student 2,たんだけど」,could settle this with a chat.,,,
125_5_4.json,3679,Dialog,Male Student 1,「別の方法で、わかってもらうしかないね。,"I guess we'll have to make you
understand in another way.",,,
125_5_4.json,3680,Dialog,Male Student 1,――出番だよ」,--It's my turn.」,,,
125_5_4.json,3682,Dialog,Male Student 3,「……やっとくか」,I'll do it then.,,,
125_5_4.json,3684,Dialog,Male Student 1,「顔はダメだよ、目立つからね」,"Don't use your face; it's too
noticeable.",,,
125_5_4.json,3686,Dialog,Male Student 3,「わかってる」,I get it.,,,
125_5_4.json,3687,Dialog,Male Student 3,ゆっくりと、上級生の手が伸びてくる。,"Slowly, an upperclassman's hand
reaches out.",,,
125_5_4.json,3689,Dialog,Male Student 3,絶対に逃げない。,I won't run away.,,,
125_5_4.json,3690,Dialog,Male Student 3,……最後まで抵抗するんだ。,Keep resisting until the end.,,,
125_5_4.json,3691,Dialog,Male Student 3,震えそうになる足に力を入れたとき――。,"I put strength into my trembling
legs when--.",,,
125_5_4.json,3693,Dialog,Hikaru,「そのくらいにしとけば？」,Is that good enough?,,,
125_5_4.json,3699,Dialog,Hikaru,本棚の陰から、光が姿を見せた。,"Hikaru appeared from behind the
bookshelf.",,,
125_5_4.json,3701,Dialog,Male Student 1,「ひ、常陸院！！」,"Hi, Kurakano!!",,,
125_5_4.json,3703,Dialog,Haruhi,「光！？」,Hikaru!?,,,
125_5_4.json,3705,Dialog,Male Student 2,「どうしてここに……」,Why are you here...,,,
125_5_4.json,3710,Dialog,Hikaru,「途中で馨と入れ替わったんだけどさ。あれ？,"I switched places with Kaoru midway,
but... Hm?",,,
125_5_4.json,3711,Dialog,Hikaru,気づいてなかったんだ〜」,I didn't notice~」,,,
125_5_4.json,3713,Dialog,Haruhi,「それじゃあ、馨が捕まってるの？」,So Kaoru's the one who got caught?,,,
125_5_4.json,3724,Dialog,Kaoru,「僕なら大丈夫」,I'm fine.,,,
125_5_4.json,3725,Dialog,Kaoru,本棚の反対側から、馨が笑いながらでてくる。,"Kaoru comes out from the opposite
side of the bookshelf, laughing.",,,
125_5_4.json,3739,Dialog,Honey,「悪いことする人は、【め！】だもんね。崇」,"Bad people are [X] marks, Takashi!",,,
125_5_4.json,3745,Dialog,Mori,「……光邦は、もう少し手加減をするべきだ」,Honey should go easier on them.,,,
125_5_4.json,3748,Dialog,Mori,なんか、とんでもないことになってなければい,I hope nothing terrible,,,
125_5_4.json,3749,Dialog,Mori,けど……。,has happened...,,,
125_5_4.json,3761,Dialog,Kyoya,「まったく、これだから三流相手は楽で助かる」,"Man, dealing with third-rate
opponents is so easy and convenient.",,,
125_5_4.json,3766,Dialog,Tamaki,「……うちの部員に手を出して、ただですむと,"Don't think you'll get away with
hurting",,,
125_5_4.json,3767,Dialog,Tamaki,思うなよ」,my club members scot-free.,,,
125_5_4.json,3768,Dialog,Tamaki,鏡夜先輩、環先輩……。,Kyoya-senpai... Tamaki-senpai...,,,
125_5_4.json,3771,Dialog,Tamaki,みんなが、そろった。なんだろう……、それだ,"Everyone's here. I wonder why... But
just",,,
125_5_4.json,3772,Dialog,Tamaki,けなのにすごくうれしい。,knowing that makes me really happy.,,,
125_5_4.json,3780,Dialog,Kyoya,「さて、あなたがたには、ゆっくりとお話を聞,"Well then, shall I tell",,,
125_5_4.json,3781,Dialog,Kyoya,かせていただきましょうか」,you all about it?,,,
125_5_4.json,3783,Dialog,Male Student 1,「くそ……」,Goddammit...,,,
125_5_4.json,3791,Dialog,Kaoru,「部室ってさあ、音楽室だから、防音なんだよ,The music room has,,,
125_5_4.json,3792,Dialog,Kaoru,ねえ……」,soundproofing...,,,
125_5_4.json,3794,Dialog,Male Student 2,「ま、待ってよ……。ボクらは――」,Wait... We're--,,,
125_5_4.json,3802,Dialog,Mori,「……どんな悲鳴も聞こえない」,...I can't hear any screams.,,,
125_5_4.json,3804,Dialog,Male Student 3,"#Pos[0,20]#Scale[1.4]　　 「ひいぃぃぃぃぃ！」","#Pos[0,20]#Scale[1.4] ""Hiiiii!""",,,
125_5_4.json,3813,Dialog,Tamaki,「悪者どもをひったてーいっ！」,Steal from the bad guys!,,,
125_5_4.json,3822,Dialog,Honey,「はーーーーーーーーーーーい！」,「Haaaai!」,,,
125_5_4.json,3824,Dialog,Honey,環先輩を先頭に、みんなは図書室から出て行く。,"Tamaki-senpai leads us out of the
library.",,,
125_5_4.json,3826,Dialog,Honey,今日は、このまま帰ってもいいかな……。そう,I was wondering if I could go,,,
125_5_4.json,3827,Dialog,Honey,思いながら、みんなの背中を見送っている,home now... As I watched everyone's,,,
125_5_4.json,3828,Dialog,Honey,と――。,backs disappear--.,,,
125_5_4.json,3835,Dialog,Hikaru,「……ハルヒ、大丈夫だった？」,"...Haruhi, are you okay?",,,
125_5_4.json,3838,Dialog,Haruhi,「うん平気、ありがとね。……でも、どうして,"Yeah, I'm fine, thanks. ...But how",,,
125_5_4.json,3839,Dialog,Haruhi,ここがわかったの？」,did you know where to find me?,,,
125_5_4.json,3844,Dialog,Hikaru,「へへ、それはね――。ハルヒのポケットに秘,"Hehe, that's because-- there's",,,
125_5_4.json,3845,Dialog,Hikaru,密があるんだ」,a secret in Haruhi's pocket.,,,
125_5_4.json,3847,Dialog,Haruhi,「自分の？」,Mine?,,,
125_5_4.json,3848,Dialog,Haruhi,そうだよと笑って、光は上着のポケットに手を,"He laughed and reached into his
jacket",,,
125_5_4.json,3849,Dialog,Haruhi,入れると、何か小さな機械のようなものを取り,"pocket, pulling out something",,,
125_5_4.json,3850,Dialog,Haruhi,出した。,that looked like a small machine.,,,
125_5_4.json,3856,Dialog,Hikaru,「じゃーん！　発信機能付のレコーダー！！」,"Ta-da! A recorder with call
functionality!!",,,
125_5_4.json,3858,Dialog,Haruhi,「何、それ？」,What's that?,,,
125_5_4.json,3860,Dialog,Hikaru,「……発信機がついてて、音声が録音できる機,A detective tool with a transmitter,,,
125_5_4.json,3861,Dialog,Hikaru,能のついた探偵用の道具」,and voice recording function.,,,
125_5_4.json,3863,Dialog,Haruhi,「それって……」,That's...,,,
125_5_4.json,3865,Dialog,Hikaru,「さっきの会話が、ぜんぶ録音できてるってワ,So all of our conversation,,,
125_5_4.json,3866,Dialog,Hikaru,ケ」,was recorded.,,,
125_5_4.json,3867,Dialog,Hikaru,……なんだ、そういうことだったんだ。,"Oh, so that's how it is.",,,
125_5_4.json,3870,Dialog,Haruhi,「それなら、もっと決定的な場面まで引っ張れ,"If that's the case, we should have
dragged",,,
125_5_4.json,3871,Dialog,Haruhi,ば良かったのに」,it out until a more decisive moment.,,,
125_5_4.json,3879,Dialog,Hikaru,「なに言ってんの？　そんなことしたらケガし,What are you talking about?,,,
125_5_4.json,3880,Dialog,Hikaru,てたかもしれないじゃん」,You could've gotten hurt.,,,
125_5_4.json,3882,Dialog,Haruhi,「そうかもしれないけど――」,"That might be true, but--",,,
125_5_4.json,3887,Dialog,Hikaru,「……そんなこと、できるわけないだろ」,That's impossible.,,,
125_5_4.json,3894,Dialog,Hikaru,「ホントは、この作戦だって反対だったんだ」,"I was actually against this plan
too.",,,
125_5_4.json,3896,Dialog,Haruhi,「……そっか、ごめんね」,"...I see, sorry.",,,
125_5_4.json,3904,Dialog,Hikaru,「何であやまんの？　別にいいよ、ハルヒは無,Why are you beating yourself,,,
125_5_4.json,3905,Dialog,Hikaru,事だったんだし」,"up? It's fine, Haruhi's safe.",,,
125_5_4.json,3908,Dialog,Haruhi,「ありがと」,Thanks.,,,
125_5_4.json,3912,Dialog,Haruhi,光がにっこりと笑う。,Hikaru smiles sweetly.,,,
125_5_4.json,3915,Dialog,,これで、いつも通りの毎日がかえってくる。そ,"This way, things will go back to
normal. Just",,,
125_5_4.json,3916,Dialog,,う考えるだけで良かったと思う。,"thinking about that makes me feel
good.",,,
125_5_4.json,3918,Dialog,Haruhi,「今日は、このまま帰ってもいいのかな？」,Can I go home now?,,,
125_5_4.json,3925,Dialog,Hikaru,「いいんじゃない、別に」,"「I don't mind, really.」",,,
125_5_4.json,3927,Dialog,Haruhi,「それじゃあ――」,Then--,,,
125_5_4.json,3932,Dialog,Hikaru,「ハルヒ。……送ってく」,Haruhi. ...I'll take you home.,,,
125_5_4.json,3934,Dialog,Haruhi,「え？　いいよ」,Huh? Sure.,,,
125_5_4.json,3939,Dialog,Hikaru,「送るから」,Take me there.,,,
125_5_4.json,3941,Dialog,Hikaru,うーん、ここまで言ってくれてるのに、断るの,"Hmm, it feels bad to turn him down
after he said",,,
125_5_4.json,3942,Dialog,Hikaru,は悪いかな。でも外車で家の前まで来られると,"all that. But if a foreign car pulls
up in front",,,
125_5_4.json,3943,Dialog,Hikaru,目立ちそうだし……。,"of my house, it might draw too much
attention...",,,
125_5_4.json,3945,Dialog,Haruhi,「じゃあ、お願いするね。でも近くまででいい,Then I'll ask you to do it.,,,
125_5_4.json,3946,Dialog,Haruhi,から」,But just come close enough.,,,
125_5_4.json,3954,Dialog,Hikaru,「わかってるって、ちゃんと家の前で止めるか,「I get it. I'll stop right,,,
125_5_4.json,3955,Dialog,Hikaru,ら」,in front of your house.」,,,
125_5_4.json,3958,Dialog,Haruhi,「あのね……」,Hey...,,,
125_5_4.json,3959,Dialog,Haruhi,話をしていて、気づいたことがある。,"I noticed something while we were
talking.",,,
125_5_4.json,3960,Dialog,Haruhi,今まで当たり前だと思っていた時間が、とても,I realized that the time I took for,,,
125_5_4.json,3961,Dialog,Haruhi,大切だったんだということに。,granted was actually very precious.,,,
125_5_4.json,3964,Dialog,Hikaru,「ハルヒー、おいてくぞー」,"Leaving you behind, Haruhi!",,,
125_5_4.json,3966,Dialog,Haruhi,「ちょっと待ってよ、光」,"Hold on a second, Hikaru.",,,
125_5_4.json,3968,Dialog,Haruhi,長かった１日が、やっと終わる――。,"A long day finally comes to an
end...",,,
125_5_4.json,3976,Dialog,,#Color[7]#Scale[1.8]放課後,#Color[7]#Scale[1.8]After School,,,
125_5_4.json,3977,Dialog,,キーンコーンカーンコーン。,Bing-bong-ching-bong.,,,
125_5_4.json,3978,Dialog,,授業が終わると同時に、光は黙って教室を出て,"As soon as class ends, Hikaru",,,
125_5_4.json,3979,Dialog,,行ってしまう。,silently leaves the classroom.,,,
125_5_4.json,3980,Dialog,,そんな光を、馨は完全に無視している。,Kaoru completely ignores Hikaru.,,,
125_5_4.json,3981,Dialog,,これがお芝居……、演技なんだから、だまされ,This is acting... you're,,,
125_5_4.json,3982,Dialog,,るよね。,supposed to be fooled.,,,
125_5_4.json,3983,Dialog,,――あれ？,--Huh?,,,
125_5_4.json,3984,Dialog,,光と入れ替わりに上級生みたいな人が入ってき,"Hikaru switches places with an
upperclassman-type",,,
125_5_4.json,3985,Dialog,,て、真っ直ぐこっちへ歩いてくる。,person who walks straight toward us.,,,
125_5_4.json,3987,Dialog,Male Student 1,「常陸院馨くんはいるかな？」,Is Kyouya-senpai around?,,,
125_5_4.json,3994,Dialog,Kaoru,「はい、僕ですけど？」,"「Yeah, it's me?」",,,
125_5_4.json,3996,Dialog,Male Student 1,「藤岡くんも一緒に来てもらえるかな。ちょっ,"Can you come with me too, Fujio-kun?",,,
125_5_4.json,3997,Dialog,Male Student 1,と話したいことがあってね」,I have something to talk about.,,,
125_5_4.json,3998,Dialog,Male Student 1,……誰だろうこの人。それに話って……。,"...Who could this person be? And
what are they talking about...?",,,
125_5_4.json,4003,Dialog,Kaoru,「いいですよ」,Sure.,,,
125_5_4.json,4005,Dialog,Haruhi,「え？　ちょっと馨……」,"Huh? Wait a sec, Kaoru...",,,
125_5_4.json,4013,Dialog,Kaoru,「大丈夫。一緒だから」,"「I'm with you. Everything will be
fine.」",,,
125_5_4.json,4015,Dialog,Haruhi,「……うん」,「...Yeah.」,,,
125_5_4.json,4017,Dialog,Haruhi,用件も聞かないでついて行っていいのかなと思,I wonder if it's okay to follow,,,
125_5_4.json,4018,Dialog,Haruhi,うけど……。,without even asking why...?,,,
125_5_4.json,4019,Dialog,Haruhi,馨を信じて、行ってみよう。,Believe in Kaoru and go.,,,
125_5_4.json,4021,Dialog,Haruhi,着いた場所は図書室。……だけど、放課後なの,"We arrived at the library... but
there was no",,,
125_5_4.json,4022,Dialog,,に誰もいなかった。,"one there even though it was after
school.",,,
125_5_4.json,4024,Dialog,,この時間帯に誰もいないなんて、おかしいと思っ,I thought it was strange that no,,,
125_5_4.json,4025,Dialog,,たとき――。,one was here at this hour--.,,,
125_5_4.json,4026,Dialog,,扉の前に、上級生が立ちふさがった。,An upperclassman blocked the door.,,,
125_5_4.json,4028,Dialog,Haruhi,「……馨」,...Kaoru.,,,
125_5_4.json,4035,Dialog,Kaoru,「大丈夫だから、離れないで」,Don't leave me.,,,
125_5_4.json,4037,Dialog,Haruhi,「……うん」,「...Yeah.」,,,
125_5_4.json,4040,Dialog,Male Student 2,「さて――。常陸院くんは、この間の話は考え,"Well then--. Have you given some
thought",,,
125_5_4.json,4041,Dialog,Male Student 2,てくれたかな？」,"to what I said last time,
Kurakano-kun?",,,
125_5_4.json,4048,Dialog,Kaoru,「どんな話でしたっけ？」,What was it about again?,,,
125_5_4.json,4050,Dialog,Male Student 3,「常陸院くんと藤岡くんが、我々の仲間になっ,It's about Hitachin and Fujioka,,,
125_5_4.json,4051,Dialog,Male Student 3,てくれるという件だよ」,joining our group.,,,
125_5_4.json,4053,Dialog,Haruhi,「馨……、仲間って……？」,Kaoru... what's a friend...?,,,
125_5_4.json,4056,Dialog,Male Student 1,「須王を桜蘭から追い出す仲間のことだよ。理,That's about driving Kurakano out,,,
125_5_4.json,4057,Dialog,Male Student 1,事長が代われば、アイツも出て行くしかないだ,"of Ouran. Once the board changes,",,,
125_5_4.json,4058,Dialog,Male Student 1,ろ」,he'll have no choice but to leave.,,,
125_5_4.json,4060,Dialog,Male Student 2,「外部からの協力もあってうまくいってるんで,"We've been doing well with some
outside",,,
125_5_4.json,4061,Dialog,Male Student 2,ね。そろそろ幕を引きたいんだ」,help. I want to wrap things up soon.,,,
125_5_4.json,4063,Dialog,Male Student 1,「常陸院くんが仲間になってくれると、動きや,It'll be easier to move around,,,
125_5_4.json,4064,Dialog,Male Student 1,すくなるんだよねえ」,if Hitachin joins us.,,,
125_5_4.json,4066,Dialog,Male Student 2,「いい返事、聞かせてくれるよね？」,"Give me a good answer, okay?",,,
125_5_4.json,4067,Dialog,Male Student 2,……この人たちが、ぜんぶ企んでたんだ……。,"...These people planned
everything...",,,
125_5_4.json,4074,Dialog,Kaoru,「いろいろ考えてみたんですけどー」,I thought about it...,,,
125_5_4.json,4079,Dialog,Kaoru,「めんどーくさいからイヤでーす」,I don't wanna do it.,,,
125_5_4.json,4082,Dialog,Male Student 2,「……しかたないね。藤岡くんに説得してもら,"Well, I guess I'll have Fujio-kun",,,
125_5_4.json,4083,Dialog,Male Student 2,おうかな？」,talk some sense into you?,,,
125_5_4.json,4085,Dialog,Haruhi,「自分もお断りです」,I decline too.,,,
125_5_4.json,4088,Dialog,Haruhi,静かな図書室の空気が……。さらに冷たく、重,The quiet library air... has become,,,
125_5_4.json,4089,Dialog,Haruhi,くなる。,even colder and heavier.,,,
125_5_4.json,4091,Dialog,Male Student 3,「とりあえず、藤岡くんを説得してみようか。,Let's try persuading Fujio first.,,,
125_5_4.json,4092,Dialog,Male Student 3,ダメなら、桜蘭から出て行ってもらえばいいし」,"If you're no good, I'll make you
leave Ouran.」",,,
125_5_4.json,4094,Dialog,Haruhi,「あなたたちに、そんな権利があるんです,Do you have the right,,,
125_5_4.json,4095,Dialog,Haruhi,か！？」,to do that!?,,,
125_5_4.json,4097,Dialog,Male Student 2,「そんな心配をするより、自分のことを考えた,You should worry about,,,
125_5_4.json,4098,Dialog,Male Student 2,ほうがいいよ」,yourself instead.,,,
125_5_4.json,4100,Dialog,Male Student 3,「そうそう。あ、いちおう顔は殴らないように,"Yeah, yeah. Oh, by the way,",,,
125_5_4.json,4101,Dialog,Male Student 3,するから」,I won't hit your face.,,,
125_5_4.json,4103,Dialog,Male Student 1,「ホストだもんねえ……」,I am a host...,,,
125_5_4.json,4104,Dialog,Male Student 1,上級生が２人、前に出てくる。,Two upperclassmen step forward.,,,
125_5_4.json,4107,Dialog,Kaoru,「そういうこと、するんだ……」,That's what you're going to do...,,,
125_5_4.json,4108,Dialog,Kaoru,馨は低い声でつぶやきながら、右手でネクタイ,"Kaoru mutters in a low voice and
loosens",,,
125_5_4.json,4109,Dialog,Kaoru,をゆるめる。,his tie with his right hand.,,,
125_5_4.json,4111,Dialog,Haruhi,「ちょっと、馨……」,"「Hey, Kaoru...」",,,
125_5_4.json,4113,Dialog,Male Student 2,「反抗的だねえ常陸院くんは。……いいよ、順,"Such a rebel, Lord Hitachiin.
...It's",,,
125_5_4.json,4114,Dialog,Male Student 2,番が代わっただけだし」,"fine, we're just switching places.",,,
125_5_4.json,4116,Dialog,Male Student 3,「顔は……」,My face...,,,
125_5_4.json,4118,Dialog,Male Student 1,「殴らないように、でしょ」,Don't hit him.,,,
125_5_4.json,4119,Dialog,Male Student 1,そう言って、２人がニヤっと笑う。,They grin and say that.,,,
125_5_4.json,4121,Dialog,Kaoru,「ハルヒはさがってて」,"Stay here, Haruhi.",,,
125_5_4.json,4123,Dialog,Haruhi,「でも！」,But!,,,
125_5_4.json,4124,Dialog,Haruhi,このままじゃ馨があぶない。,Kaoru's in danger like this.,,,
125_5_4.json,4125,Dialog,Haruhi,そう思った瞬間――。,The moment I thought that--.,,,
125_5_4.json,4129,Dialog,Tamaki,「そこまでだ！　うちの部員に手を出すのはや,That's enough! I won't let you,,,
125_5_4.json,4130,Dialog,Tamaki,めていただこう」,lay a hand on our club members.,,,
125_5_4.json,4137,Dialog,,環先輩が本棚の陰から姿を現す。,"Takashi appears from behind the
bookshelf.",,,
125_5_4.json,4139,Dialog,Haruhi,「環先輩！」,Tamaki-senpai!,,,
125_5_4.json,4152,Dialog,Honey,「悪いことをする人は、【め！】だよ」,Bad people are scat!,,,
125_5_4.json,4154,Dialog,Mori,「その通りだ」,That's right.,,,
125_5_4.json,4155,Dialog,Mori,続いてハニー先輩とモリ先輩も。,"Next, Honey-senpai and Mori-senpai
too.",,,
125_5_4.json,4157,Dialog,Male Student 2,「き、きみたち……」,Y-you guys...,,,
125_5_4.json,4166,Dialog,Kyoya,「まったく、これだから三流相手は楽で助かる」,"Good grief, dealing with third-rate
opponents is so easy and convenient.",,,
125_5_4.json,4167,Dialog,Kyoya,鏡夜先輩も微笑みを浮かべてつぶやく。,Kyoya-senpai smiles and murmurs.,,,
125_5_4.json,4173,Dialog,Kyoya,「光、撮れてるな」,"Kaoru, you got it.",,,
125_5_4.json,4182,Dialog,Hikaru,「はーい、撮れてまーす」,Okay~ I got it~!,,,
125_5_4.json,4183,Dialog,Hikaru,小さなカメラを持った光が出てきて、元気な声,Hikaru pops out with a small,,,
125_5_4.json,4184,Dialog,Hikaru,を上げる。,camera and cheers up.,,,
125_5_4.json,4192,Dialog,Kyoya,「という訳で、すべて録画させていただきまし,That's why I recorded,,,
125_5_4.json,4193,Dialog,Kyoya,た」,everything.,,,
125_5_4.json,4196,Dialog,Male Student 2,「カ、カメラを壊せ！」,Break the camera!,,,
125_5_4.json,4198,Dialog,Male Student 1,「は、はい！」,「Y-Yes!」,,,
125_5_4.json,4200,Dialog,Male Student 3,「くそ、やってやる！」,"「Damn it, I'll do it!」",,,
125_5_4.json,4201,Dialog,Male Student 3,観念するかと思った上級生たちは、証拠をもみ,Seniors who thought I'd give up came,,,
125_5_4.json,4202,Dialog,Male Student 3,消そうと向かってきた。,at me to cover their tracks.,,,
125_5_4.json,4213,Dialog,,でもその前に、ハニー先輩とモリ先輩が立ちふ,"But before I could do that,
Honey-senpai",,,
125_5_4.json,4214,Dialog,,さがる。,and Mori-senpai blocked my way.,,,
125_5_4.json,4219,Dialog,Honey,「崇……、ちゃんと手加減しろよっ！」,Takashi... Go easy on him!,,,
125_5_4.json,4221,Dialog,Mori,「ああ、わかっている」,"Yeah, I get it.",,,
125_5_4.json,4225,Dialog,Mori,#Scale[1.4]ドカッ！,#Scale[1.4]Thud!,,,
125_5_4.json,4226,Dialog,Mori,#Scale[1.4]バキッ！,#Scale[1.4]Crack!,,,
125_5_4.json,4227,Dialog,Mori,ドサ……。,Thud...,,,
125_5_4.json,4228,Dialog,,勝負は、ほんの一瞬……。あっという間に、ハ,"The match was over in an instant...
Honey-senpai",,,
125_5_4.json,4229,Dialog,,ニー先輩たちが勝った。,and the others won in no time.,,,
125_5_4.json,4236,Dialog,Tamaki,「あ、皆の衆、悪者どもをひったてーいっ！」,"Ah, everyone, let’s rob the bad
guys!",,,
125_5_4.json,4244,Dialog,Mori,「おお……」,Oh...,,,
125_5_4.json,4247,Dialog,Mori,めずらしい。モリ先輩が……、３人まとめて、,"This is rare. Mori-senpai...
dragging",,,
125_5_4.json,4248,Dialog,Mori,ずるずる引きずって図書室から出て行く……。,"all three of us out of the
library...",,,
125_5_4.json,4249,Dialog,Mori,えーっと、とりあえずはこれで落ちつけるのか,"Um, will this calm things",,,
125_5_4.json,4250,Dialog,Mori,な？,down for now?,,,
125_5_4.json,4257,Dialog,Kaoru,「ハルヒ、大丈夫だった？」,"Haruhi, are you okay?",,,
125_5_4.json,4259,Dialog,Haruhi,「大丈夫じゃないよ。馨が怪我したらどうしよ,I'm worried... What,,,
125_5_4.json,4260,Dialog,Haruhi,うって……」,if Kaoru gets hurt?,,,
125_5_4.json,4265,Dialog,Kaoru,「心配、してくれたんだ？」,Were you worried about me?,,,
125_5_4.json,4267,Dialog,Haruhi,「当たり前だよ。まったく、こうなるんなら最,It's obvious. Why didn't you,,,
125_5_4.json,4268,Dialog,Haruhi,初から教えててくれれば良かったのに」,tell me this from the start?,,,
125_5_4.json,4276,Dialog,Kaoru,「ごめんね、でも――」,"Sorry, but--",,,
125_5_4.json,4278,Dialog,Hikaru,「――馨！」,「――Kaoru!」,,,
125_5_4.json,4281,Dialog,Hikaru,馨の言葉をさえぎるように、光が走ってきて抱,Hikaru runs over and hugs,,,
125_5_4.json,4282,Dialog,Hikaru,きつく。,"Kaoru, cutting him off.",,,
125_5_4.json,4287,Dialog,Kaoru,「……光」,「...Hikaru」,,,
125_5_4.json,4289,Dialog,Hikaru,「無茶するなよ馨。……タイミングがずれてた,"Be careful, Kaoru. ...If you miss
your",,,
125_5_4.json,4290,Dialog,Hikaru,ら、ケガするとこだったじゃん」,"timing, you could've gotten hurt.",,,
125_5_4.json,4293,Dialog,Kaoru,「ごめんね、光。僕に向かってくるところも入,"Sorry, Hikaru. I thought it would be
better",,,
125_5_4.json,4294,Dialog,Kaoru,れておいたほうがいいと思ってさ……」,to include your approach too...,,,
125_5_4.json,4296,Dialog,Hikaru,「僕にこんな思いをさせるなんて、悪い弟だ,"You're such a bad brother for making
me feel this way...",,,
125_5_4.json,4297,Dialog,Hikaru,な……。帰ったら……、わかってるよね？」,"When I get back..., you know what'll
happen, right?",,,
125_5_4.json,4299,Dialog,Kaoru,「……うん、わかってる」,"... Yeah, I get it.",,,
125_5_4.json,4302,Dialog,Hikaru & Kaoru,「そうだ、ハルヒも連れて帰ろう」,Let's take Haruhi home too.,,,
125_5_4.json,4304,Dialog,Haruhi,「何で！？」,What is it?,,,
125_5_4.json,4306,Dialog,Hikaru,「最近、ハルヒで遊んでなかったしさー」,I haven't played with Haruhi lately~,,,
125_5_4.json,4308,Dialog,Kaoru,「そうだよねえ」,"Yeah, you're right.",,,
125_5_4.json,4310,Dialog,Haruhi,「自分はおもちゃじゃないよ」,I'm not a toy.,,,
125_5_4.json,4312,Dialog,Hikaru & Kaoru,「えー、つまんないのー」,"Ugh, boring~",,,
125_5_4.json,4314,Dialog,Hikaru & Kaoru,……まったく。,...Whatever.,,,
125_5_4.json,4315,Dialog,Hikaru & Kaoru,いつもならため息がでるところだけど、この空,"Usually I'd sigh, but I actually",,,
125_5_4.json,4316,Dialog,Hikaru & Kaoru,気が心地いいと思う。,like this atmosphere.,,,
125_5_4.json,4317,Dialog,Hikaru & Kaoru,……でも、本当に良かった。馨も無事だったし。,"...But I'm really glad. Kaoru's okay
too.",,,
125_5_4.json,4319,Dialog,,やっと、長い１日が終わる――。,"Finally, my long day is over--.",,,
125_5_4.json,4327,Dialog,,#Color[7]#Scale[1.8]放課後,#Color[7]#Scale[1.8]After School,,,
125_5_4.json,4328,Dialog,,キーンコーンカーンコーン。,Bing-bong-chime-bong!,,,
125_5_4.json,4329,Dialog,,授業が終わると同時に――。光は前の扉から、,"As soon as class ends -- Hikaru
heads out through",,,
125_5_4.json,4330,Dialog,,馨は後ろの扉からバラバラに出て行く。,"the front door and Kaoru through the
back.",,,
125_5_4.json,4331,Dialog,,自分はお芝居だって、わかっているからいいけ,I know I'm just acting...,,,
125_5_4.json,4332,Dialog,,ど……。,so it's fine...,,,
125_5_4.json,4344,Dialog,Kurakano,「光くんと馨くん、仲直りされていませんね」,"You two still aren't on speaking
terms.",,,
125_5_4.json,4345,Dialog,Kurakano,倉賀野さんたちが、心配そうに声をかけてくれ,Kurakano-san and the others ask,,,
125_5_4.json,4346,Dialog,Kurakano,る。,if I'm okay with worried voices.,,,
125_5_4.json,4351,Dialog,Sakurazuka,「心配ですわ……」,I'm worried...,,,
125_5_4.json,4353,Dialog,Haruhi,「そんなに心配しなくても、大丈夫だと思うけ,I don't think there's anything,,,
125_5_4.json,4354,Dialog,Haruhi,ど……」,to worry about...,,,
125_5_4.json,4363,Dialog,Sayuri,「……ハルちゃん、もしかして何か知ってる？」,"...Haru-chan, do you know something?",,,
125_5_4.json,4365,Dialog,Haruhi,「え？　別に……」,Huh? Nothing...,,,
125_5_4.json,4373,Dialog,Renge,「……あやしいですわね。本当に何もご存知な,...That's suspicious. You really,,,
125_5_4.json,4374,Dialog,Renge,いんですの？」,don't know anything?,,,
125_5_4.json,4376,Dialog,Haruhi,「う、うん……。あ、ごめん、ちょっと用事が,"Y-Yeah... S-Sorry, I have",,,
125_5_4.json,4377,Dialog,Haruhi,あるから――」,something to do--,,,
125_5_4.json,4380,Dialog,Sayuri,「ちょっと！　ハルちゃん！？」,Hey! Haru-chan!?,,,
125_5_4.json,4382,Dialog,Sayuri,小百合の声を背中に受けながら、あわててカバ,"With Sayuri's voice in my ears, I
grab",,,
125_5_4.json,4383,Dialog,Sayuri,ンをつかんで教室を飛び出す。,"my bag and dash out of the
classroom.",,,
125_5_4.json,4384,Dialog,Sayuri,どうして小百合って、あんなに勘がいいんだろ,Why is Sayuri so perceptive...?,,,
125_5_4.json,4385,Dialog,Sayuri,う……。れんげちゃんもだけど……。,Renge-chan too...,,,
125_5_4.json,4386,Dialog,Sayuri,しばらく、あんまり話さないようにしよう。,Let's not talk too much for now.,,,
125_5_4.json,4387,Dialog,,……あ、食堂に行かなきゃ。,"...Oh, I have to go to the dining
hall.",,,
125_5_4.json,4392,Dialog,Haruhi,「……おかしいなあ」,That's weird...,,,
125_5_4.json,4393,Dialog,Haruhi,ハニー先輩が先に待っているはずなのに、姿が,I should see Honey-senpai waiting,,,
125_5_4.json,4394,Dialog,Haruhi,見えない。,"for me, but I don't.",,,
125_5_4.json,4395,Dialog,Haruhi,というより、誰もいないんだけど……。,"In fact, there's nobody here...",,,
125_5_4.json,4397,Dialog,Haruhi,「………………あれ？」,「............Huh?」,,,
125_5_4.json,4398,Dialog,Haruhi,なんだか……、急に……、眠く、なってき,I'm suddenly feeling,,,
125_5_4.json,4399,Dialog,Haruhi,た……？,sleepy...?,,,
125_5_4.json,4401,Dialog,Haruhi,そう思ったときには……。,That's when I thought...,,,
125_5_4.json,4402,Dialog,Haruhi,もう……。,Already...,,,
125_5_4.json,4407,Dialog,Haruhi,「……ん、…………ん？」,"...Hm, ........hmm?",,,
125_5_4.json,4408,Dialog,Haruhi,……目が覚めると、なぜか物置みたいな景色が,"...When I woke up, for some reason,
all I",,,
125_5_4.json,4409,Dialog,Haruhi,目に入ってきた。,"could see was a view like a storage
room.",,,
125_5_4.json,4410,Dialog,Haruhi,……あれ？,...Huh?,,,
125_5_4.json,4412,Dialog,Haruhi,「ん！？　む〜〜っ！！」,N!? Muuu!!!,,,
125_5_4.json,4413,Dialog,Haruhi,手は縛られてるし、口もふさがれてる。,"My hands are tied and my mouth is
gagged.",,,
125_5_4.json,4414,Dialog,Haruhi,もしかして誘拐！？,Could it be kidnapping!?!,,,
125_5_4.json,4415,Dialog,Haruhi,そんなことあるわけないか。自分を誘拐したっ,"There's no way that would happen.
Our family",,,
125_5_4.json,4416,Dialog,Haruhi,て身代金が払えるほどの家じゃないんだし。,"isn't rich enough to pay a ransom
anyway.",,,
125_5_4.json,4418,Dialog,Haruhi,じゃあ、どうして？,Then why?,,,
125_5_4.json,4419,Dialog,,そう思ったとき――。,Just as I thought that--.,,,
125_5_4.json,4426,Dialog,Gotokuji,「しばらくそのままだ」,Stay like that for a while.,,,
125_5_4.json,4427,Dialog,Gotokuji,豪徳寺さんが姿を見せた。,Kodokushi-san appeared.,,,
125_5_4.json,4429,Dialog,Haruhi,「んーひて……」,Nn--hite...,,,
125_5_4.json,4430,Dialog,Haruhi,……どうしてって言ったつもりだけど、口をふ,...I guess I was trying to ask,,,
125_5_4.json,4431,Dialog,Haruhi,さがれてるんだった……。,"why, but my mouth was sealed...",,,
125_5_4.json,4436,Dialog,Gotokuji,「関わりたくなかったが、王龍の命令でな」,"I didn't want to get involved, but
the King Dragon ordered me to.",,,
125_5_4.json,4437,Dialog,Gotokuji,あ、伝わってる。,"Oh, I get it.",,,
125_5_4.json,4445,Dialog,Gotokuji,「ここからは、独り言だ」,"This is where I start mumbling to
myself.",,,
125_5_4.json,4446,Dialog,Gotokuji,はい、と返事をする代わりにうなずく。,Nod instead of saying yes.,,,
125_5_4.json,4451,Dialog,Gotokuji,「この件はすべて、王龍が仕組んだ」,It was all set up by Wang Lung.,,,
125_5_4.json,4453,Dialog,Gotokuji,「補導の偽装（ぎそう）、知事への働きかけ、,"Deception about guidance, lobbying
the governor,",,,
125_5_4.json,4454,Dialog,Gotokuji,桜蘭内部への扇動（せんどう）……」,inciting unrest within Ouran...,,,
125_5_4.json,4455,Dialog,Gotokuji,どうしてそんなことを……。,"Why would you say something like
that...?",,,
125_5_4.json,4463,Dialog,Gotokuji,「理由は知らん。俺には関係ない」,"I don't know the reason. It's none
of my business.",,,
125_5_4.json,4464,Dialog,Gotokuji,関係ないって……。,It's got nothing to do with me...,,,
125_5_4.json,4469,Dialog,Gotokuji,「須王環と鳳鏡夜が、気に入らないようだ,It seems Suou Tamaki and Ootori,,,
125_5_4.json,4470,Dialog,Gotokuji,が……」,Kyoya don't like it...,,,
125_5_4.json,4471,Dialog,Gotokuji,気に入らないって……、それだけのことで？,Just because you don't like it...?,,,
125_5_4.json,4476,Dialog,Gotokuji,「……とにかく。俺は、埴之塚光邦を倒す」,"「...Anyway. I'll beat Hachinotsuka
Honey flat.」",,,
125_5_4.json,4478,Dialog,Honey,「だからハルちゃんを無理矢理つれてきたの？」,"So you dragged Haruhi here against
her will?",,,
125_5_4.json,4485,Dialog,,すうっと姿を現したハニー先輩から、いつもの,"I didn't sense Honey-senpai's usual
presence",,,
125_5_4.json,4486,Dialog,,雰囲気は、まったく感じられなかった。,at all as he suddenly appeared.,,,
125_5_4.json,4492,Dialog,Honey,「ねえ、答えてよ」,"Hey, answer me.",,,
125_5_4.json,4500,Dialog,Gotokuji,「その必要はない」,There's no need for that.,,,
125_5_4.json,4505,Dialog,Honey,「……手加減、できないよ」,「...I can't hold back」,,,
125_5_4.json,4510,Dialog,Gotokuji,「来い、埴之塚光邦」,"Come here, Hinaizuma Honey",,,
125_5_4.json,4511,Dialog,Gotokuji,身動きも口出しもできない自分に、２人を止め,"I couldn't move or speak up... so
there",,,
125_5_4.json,4512,Dialog,Gotokuji,ることができるはずもなく……。,was no way I could stop them...,,,
125_5_4.json,4515,Dialog,Gotokuji,戦いが始まって――。,The battle has begun--.,,,
125_5_4.json,4516,Dialog,Gotokuji,ヒュッ！,Zing!,,,
125_5_4.json,4523,Dialog,,#Scale[1.4]ドカッ！,#Scale[1.4]Thud!,,,
125_5_4.json,4529,Dialog,,#Scale[1.4]ドガッ！！,#Scale[1.4]Thud!!,,,
125_5_4.json,4531,Dialog,Gotokuji,「……ぐっ！」,「...Ugh!」,,,
125_5_4.json,4533,Dialog,Gotokuji,ハニー先輩の強烈な一撃で、豪徳寺さんが床に,"Honey-senpai's powerful blow left
Houkokuji-kun",,,
125_5_4.json,4534,Dialog,Gotokuji,ヒザをついて――、終わる。,kneeling on the floor--it was over.,,,
125_5_4.json,4535,Dialog,Gotokuji,あっけないというより、ハニー先輩が強すぎる,"It's not anticlimactic...
Honey-senpai",,,
125_5_4.json,4536,Dialog,Gotokuji,んだ……、これは。,is just too strong!,,,
125_5_4.json,4538,Dialog,Gotokuji,「くっ……、俺の負けだ」,「Guh... You win.」,,,
125_5_4.json,4548,Dialog,Honey,「ハルちゃん、だいじょうぶだった？」,"Haru-chan, are you okay?",,,
125_5_4.json,4550,Dialog,Honey,ハニー先輩の言葉にうなずく。,Nod at Honey-senpai's words.,,,
125_5_4.json,4552,Dialog,Honey,「もうちょっとがまんしてね」,Tough it out a little longer.,,,
125_5_4.json,4560,Dialog,Honey,「えっと、ここを……、こうして……」,"Um, like this...?",,,
125_5_4.json,4566,Dialog,Honey,「う〜……」,Uu... ...,,,
125_5_4.json,4567,Dialog,Honey,……なんだか余計にきつくなってきているんで,...It's getting even,,,
125_5_4.json,4568,Dialog,Honey,すけど。,tougher somehow.,,,
125_5_4.json,4570,Dialog,Gotokuji,「……そこを外せ」,Get that right.,,,
125_5_4.json,4574,Dialog,Gotokuji,見かねたのか、豪徳寺さんがハニー先輩のとな,Goudetsuji-san speaks up from,,,
125_5_4.json,4575,Dialog,Gotokuji,りから声をかける。,next to Honey-senpai.,,,
125_5_4.json,4583,Dialog,Honey,「こう？」,Like this?,,,
125_5_4.json,4596,Dialog,Gotokuji,「もういい……、俺がやる」,「Forget it... I'll do it.」,,,
125_5_4.json,4602,Dialog,Honey,「ありがとね、ゴーちゃん」,"Thanks, Go-chan.",,,
125_5_4.json,4607,Dialog,Gotokuji,「……ふん」,「...Hmph」,,,
125_5_4.json,4610,Dialog,Gotokuji,……なんとなく乱暴だったし、苦手だなって思っ,"...He seemed kind of rough, so I
thought",,,
125_5_4.json,4611,Dialog,Gotokuji,てたけど、すごくいい人かもしれないな。豪徳,"I didn't like him, but maybe he's
actually",,,
125_5_4.json,4612,Dialog,Gotokuji,寺さんって。,a really nice guy. Kamikamo-san.,,,
125_5_4.json,4613,Dialog,Gotokuji,縛っていたヒモをあっさり外すと、豪徳寺さん,"After easily undoing the ties,",,,
125_5_4.json,4614,Dialog,,は側を離れていった。,Houkokuji-san moved away.,,,
125_5_4.json,4615,Dialog,,ようやく自由になった手で、口をふさいでいた,I finally free my hands and pull,,,
125_5_4.json,4616,Dialog,,布を外す。,off the cloth covering my mouth.,,,
125_5_4.json,4618,Dialog,Haruhi,「ふー…………」,「Phew............」,,,
125_5_4.json,4619,Dialog,Haruhi,まずは深呼吸、それから――。,"First, take a deep breath, then--.",,,
125_5_4.json,4626,Dialog,Haruhi,「ハニー先輩、助けにきてくれてありがとうご,Thanks for coming to help,,,
125_5_4.json,4627,Dialog,Haruhi,ざいます……」,"me, Honey-senpai...",,,
125_5_4.json,4628,Dialog,Haruhi,……あれ？,...Huh?,,,
125_5_4.json,4630,Dialog,Haruhi,ものすごく落ち込んでるみたいなんだけど……。,She seems really down...,,,
125_5_4.json,4638,Dialog,Haruhi,「どうかしたんですか？」,What's wrong?,,,
125_5_4.json,4643,Dialog,Honey,「……あのね、僕が悪いの」,It's my fault...,,,
125_5_4.json,4645,Dialog,Haruhi,「どうしてですか？　ハニー先輩は、助けにき,But why? Honey-senpai came,,,
125_5_4.json,4646,Dialog,Haruhi,てくれたじゃないですか」,"to help us, didn't he?",,,
125_5_4.json,4651,Dialog,Honey,「……おいしいケーキがあるからって誘われて、,I was late because I was invited,,,
125_5_4.json,4652,Dialog,Honey,待ち合わせに遅れたんだもん」,with promises of delicious cake.,,,
125_5_4.json,4660,Dialog,Honey,「そのせいで、ハルちゃんを怖い目に……」,That's why Haru-chan got scared...!,,,
125_5_4.json,4662,Dialog,Haruhi,「……ハニー先輩」,...Honey-senpai,,,
125_5_4.json,4667,Dialog,Honey,「ごめんなさい……」,I am sorry...,,,
125_5_4.json,4669,Dialog,Honey,そう言って、ハニー先輩は背を向けてしまった。,"Saying that, Honey-senpai turned his
back.",,,
125_5_4.json,4672,Dialog,Honey,その背中がなんだかかわいくて、思わず抱きし,I can't help but hug,,,
125_5_4.json,4673,Dialog,Honey,めてしまう。,that cute back.,,,
125_5_4.json,4675,Dialog,Honey,「ふえ？」,Huh?,,,
125_5_4.json,4677,Dialog,Haruhi,「ちゃんと助けてくれたじゃないですか」,You did help properly.,,,
125_5_4.json,4679,Dialog,Honey,「……ハルちゃん」,「...Haru-chan」,,,
125_5_4.json,4681,Dialog,Haruhi,「それに、ハニー先輩が助けに来てくれるって、,I wasn't scared at all because,,,
125_5_4.json,4682,Dialog,Haruhi,信じてましたから、ぜんぜん怖くなかったです,I believed Honey-senpai,,,
125_5_4.json,4683,Dialog,Haruhi,よ」,would come to save me.,,,
125_5_4.json,4685,Dialog,Honey,「ほんと？」,「Really?」,,,
125_5_4.json,4687,Dialog,Haruhi,「はい、そうですよ」,"Yeah, that's right",,,
125_5_4.json,4688,Dialog,Haruhi,ハニー先輩もかわいいだけじゃなくて、ちゃん,"I was thinking that Honey-senpai
isn't",,,
125_5_4.json,4689,Dialog,Haruhi,と男の子なんだなあ。なんて思っていると――。,just cute but actually a boy... --,,,
125_5_4.json,4699,Dialog,Tamaki,「ハルヒ！　無事か！？」,Haruhi! Are you all right!?,,,
125_5_4.json,4714,Dialog,Hikaru & Kaoru,「ハルヒ！」,Haruhi!,,,
125_5_4.json,4715,Dialog,Hikaru & Kaoru,環先輩たちが駆け込んできた。,Senpai and the others rushed in.,,,
125_5_4.json,4717,Dialog,Haruhi,「はい、自分なら大丈夫です。ハニー先輩に助,I'm fine. Honey-senpai,,,
125_5_4.json,4718,Dialog,Haruhi,けてもらいましたから」,helped me.,,,
125_5_4.json,4728,Dialog,Honey,「えへ♪」,Ehehe♪,,,
125_5_4.json,4741,Dialog,Kyoya,「では、豪徳寺君。すべて話してもらえますね」,"Then, Kamikamo-kun. Please tell me
everything.",,,
125_5_4.json,4745,Dialog,Kyoya,鏡夜先輩の言葉に、豪徳寺さんは静かにうなず,Kyouya-senpai's words made,,,
125_5_4.json,4746,Dialog,Kyoya,く。,Kougetsuji-san nod quietly.,,,
125_5_4.json,4754,Dialog,Mori,「……話は部室で聞く」,Let's talk in the club room.,,,
125_5_4.json,4759,Dialog,Gotokuji,「ああ……」,Oh...,,,
125_5_4.json,4762,Dialog,Gotokuji,そう言って歩いていく豪徳寺さんの後ろを、モ,"Following Kamikamo-senpai and
Kyoya-senpai",,,
125_5_4.json,4763,Dialog,Gotokuji,リ先輩や鏡夜先輩たちが続いて歩く。,after him are the others.,,,
125_5_4.json,4764,Dialog,Gotokuji,あとは、豪徳寺さんが自分にした話をみんなに,"If only Koudokuji-san would tell
everyone what",,,
125_5_4.json,4765,Dialog,Gotokuji,してくれれば、何もかも解決するはず……。,"he told me... everything will be
solved.",,,
125_5_4.json,4766,Dialog,,いろいろあったけど……、また元通りの毎日が,Even though a lot happened...,,,
125_5_4.json,4767,Dialog,,かえってくるんだ。,things will go back to normal.,,,
125_5_4.json,4774,Dialog,Honey,「ハルちゃん、僕たちも行こう」,"Let's go too, Haru-chan.",,,
125_5_4.json,4776,Dialog,Haruhi,「……はい」,...Yes.,,,
125_5_4.json,4779,Dialog,Haruhi,長かった１日が、やっと終わる――。,"A long day finally comes to an
end...",,,
125_5_4.json,4785,Dialog,,#Color[7]#Scale[1.8]放課後,#Color[7]#Scale[1.8]After School,,,
125_5_4.json,4786,Dialog,,キーンコーンカーンコーン。,Bing-bong-ring-bong.,,,
125_5_4.json,4787,Dialog,,授業が終わると同時に――。光は前の扉から、,"As soon as class ends -- Hikaru
heads out through",,,
125_5_4.json,4788,Dialog,,馨は後ろの扉からバラバラに出て行く。,"the front door and Kaoru through the
back.",,,
125_5_4.json,4789,Dialog,,自分はお芝居ってわかっているからいいけ,I know I'm just acting...,,,
125_5_4.json,4790,Dialog,,ど……。,so it's fine...,,,
125_5_4.json,4802,Dialog,Kurakano,「光くんと馨くん、仲直りされていませんね」,"You two still aren't on speaking
terms.",,,
125_5_4.json,4803,Dialog,Kurakano,倉賀野さんたちが、心配そうに声をかけてくれ,Kurakano-san and the others ask,,,
125_5_4.json,4804,Dialog,Kurakano,る。,if I'm okay with worried voices.,,,
125_5_4.json,4809,Dialog,Kurakano,「ハルヒ君も、心配でしょう？」,"Haruhi, you must be worried too?",,,
125_5_4.json,4811,Dialog,Haruhi,「え？　……うん」,Huh? ...Sure.,,,
125_5_4.json,4816,Dialog,Sayuri,「ハルちゃんが仲直りさせてあげられないの？」,Can't you make up with them?,,,
125_5_4.json,4818,Dialog,Haruhi,「それは……、ちょっと難しいかな」,That's... kind of difficult.,,,
125_5_4.json,4819,Dialog,Haruhi,あの仲の悪さは演技だし……。,"That bad relationship is just an
act...",,,
125_5_4.json,4828,Dialog,Renge,「姫宮さん……。甘い、アマイ、あっまーーー,Miss Himemiya... It's sweet!,,,
125_5_4.json,4829,Dialog,Renge,いですわ！　ケンカの原因はハルヒ君ですの,"Amai, amaaaai!! The fight",,,
125_5_4.json,4830,Dialog,Renge,よ！！」,is Haruhi-kun's fault!!,,,
125_5_4.json,4832,Dialog,Haruhi,「え！？」,Huh!?,,,
125_5_4.json,4838,Dialog,Sayuri,「そうだったの！？　ハルちゃん！」,That's right!? Haru-chan!,,,
125_5_4.json,4840,Dialog,Haruhi,「……自分も初耳なんだけど」,"...I'm hearing this for the first
time too.",,,
125_5_4.json,4841,Dialog,Haruhi,聞いた自分が１番おどろいたよ……。,"I was the most surprised to hear
it...",,,
125_5_4.json,4851,Dialog,Renge,「隠さなくてもいいんですのよ、ハルヒ君？」,"Is there no need to hide it from me,
Haruhi?",,,
125_5_4.json,4852,Dialog,Renge,えっと……。,Let's see...,,,
125_5_4.json,4853,Dialog,Renge,どう説明すれば、れんげちゃんにわかってもら,I wondered how to explain it,,,
125_5_4.json,4854,Dialog,Renge,えるかなあと考えたとき――。,so Renge would understand--.,,,
125_5_4.json,4862,Dialog,Sakurazuka,「ハルヒ君。ハルヒ君にお客さんが来ているけ,Haruhi-kun. You have,,,
125_5_4.json,4863,Dialog,Sakurazuka,れど……」,a customer... but...,,,
125_5_4.json,4872,Dialog,Haruhi,誰だろうと思ってドアのところに目を向けると、,"I looked toward the door and saw
someone",,,
125_5_4.json,4873,Dialog,Haruhi,小さく手を上げた人がいた。,raising their hand slightly.,,,
125_5_4.json,4874,Dialog,Haruhi,……誰だろう？　ぜんぜん知らない人なんだけ,...Who could it be? I don't,,,
125_5_4.json,4875,Dialog,,ど。,know this person at all.,,,
125_5_4.json,4876,Dialog,,ま、聞いてみればわかるか。,"Well, just ask and you'll know.",,,
125_5_4.json,4879,Dialog,Haruhi,「あの……、何か？」,Um... what?,,,
125_5_4.json,4881,Dialog,Male Student,「藤岡くんに、伝言を頼まれたんだ」,"I was asked to pass on a message to
Fujio-kun.",,,
125_5_4.json,4883,Dialog,Haruhi,「伝言ですか？」,Is it a message?,,,
125_5_4.json,4885,Dialog,Male Student,「銛之塚先輩が、武道場で待ってるって」,"Kurakano-senpai's waiting for you at
the dojo.",,,
125_5_4.json,4887,Dialog,Haruhi,「モリ先輩が？」,Takashi-senpai?,,,
125_5_4.json,4888,Dialog,Haruhi,どうしたんだろうとは思うけど……。,I wonder what's going on...,,,
125_5_4.json,4890,Dialog,Haruhi,「……わかりました」,...Understood.,,,
125_5_4.json,4892,Dialog,Male Student,「じゃあ、確かに伝えたからね」,I see. I'll pass it on.,,,
125_5_4.json,4894,Dialog,Haruhi,「ありがとうございます」,Thank you.,,,
125_5_4.json,4895,Dialog,Haruhi,とにかく、行ってみよう。,Let's go check it out.,,,
125_5_4.json,4908,Dialog,Haruhi,「モリ先輩……？」,Mori-senpai...?,,,
125_5_4.json,4909,Dialog,Haruhi,武道場に来てみたけど……、モリ先輩の姿はな,I came to the dojo... but,,,
125_5_4.json,4910,Dialog,Haruhi,かった。,Senpai wasn't there.,,,
125_5_4.json,4916,Dialog,,そのかわり――、豪徳寺さんが立っていた。,"In return--Koudokuji-san was
standing there.",,,
125_5_4.json,4918,Dialog,Haruhi,「あの……、どうして豪徳寺さんが？」,"Um... Why are you here, Gaudete-san?",,,
125_5_4.json,4923,Dialog,Gotokuji,「呼び出したのは俺だ」,I called you here.,,,
125_5_4.json,4925,Dialog,Haruhi,「それじゃあモリ先輩は――」,"So what about you, Mori-senpai--",,,
125_5_4.json,4930,Dialog,Gotokuji,「お前は、銛之塚崇を釣るための【エサ】だ」,"You're just bait to reel in Takashi
Morinozuka.",,,
125_5_4.json,4933,Dialog,Haruhi,「だましたんですね」,You tricked me.,,,
125_5_4.json,4938,Dialog,Gotokuji,「……警告はした。退部届を出していれば、こ,"I warned you. This wouldn't have
happened",,,
125_5_4.json,4939,Dialog,Gotokuji,うはならなかった」,if you'd handed in your resignation.,,,
125_5_4.json,4941,Dialog,Haruhi,「勝手なこと言わないでください。……自分は、,Don't say such selfish things.,,,
125_5_4.json,4942,Dialog,Haruhi,失礼します」,...I'll take my leave now.,,,
125_5_4.json,4945,Dialog,Male Student,「悪いけど、帰れないよ」,"Sorry, but I can't go home.",,,
125_5_4.json,4947,Dialog,Haruhi,「あなたは、さっきの……」,What about just now...,,,
125_5_4.json,4954,Dialog,Gotokuji,「銛之塚崇が来るまで、ここにいてもらう」,Stay here until Takashi comes.,,,
125_5_4.json,4956,Dialog,Haruhi,「どうして……、こんなことをするんですか？」,Why... are you doing this?,,,
125_5_4.json,4961,Dialog,Gotokuji,「……王龍の命令でな」,...At the king dragon's command.,,,
125_5_4.json,4963,Dialog,Male Student,「ち、ちょっとあんた！　そのことは……」,Hey! Wait a sec! About that...,,,
125_5_4.json,4968,Dialog,Gotokuji,「うるさい、黙れ」,"Shut up, be quiet.",,,
125_5_4.json,4971,Dialog,Male Student,「…………わ、わかっ……、わかりました」,......I-I understand...... I get it.,,,
125_5_4.json,4979,Dialog,Gotokuji,「ここからは、独り言だ」,"This is where I start mumbling to
myself.",,,
125_5_4.json,4980,Dialog,Gotokuji,豪徳寺さんは、真っ直ぐに自分を見つめてつぶ,Kodokushi looks straight,,,
125_5_4.json,4981,Dialog,Gotokuji,やく。,at me and mutters.,,,
125_5_4.json,4982,Dialog,Gotokuji,はい、と答えるかわりに小さくうなずいて返す。,"Nod in place of answering ""yes.""",,,
125_5_4.json,4987,Dialog,Gotokuji,「すべて、王龍の仕組んだことだ」,It was all planned by King Dragon.,,,
125_5_4.json,4989,Dialog,Gotokuji,「補導の偽装（ぎそう）、知事への働きかけ、,"Deception about guidance, lobbying
the governor,",,,
125_5_4.json,4990,Dialog,Gotokuji,桜蘭内部への扇動（せんどう）……」,inciting trouble within Ouran...,,,
125_5_4.json,4998,Dialog,Gotokuji,「……理由は聞くな。俺には関係ない」,"......Don't ask why. It's none of my
business.",,,
125_5_4.json,5000,Dialog,Haruhi,「……そんなこと、自分に話してもいいんです,...Is it okay to say,,,
125_5_4.json,5001,Dialog,Haruhi,か？」,that to yourself?,,,
125_5_4.json,5007,Dialog,Gotokuji,本当に独り言なのか、豪徳寺さんは自分の問い,Koudokuji-sensei didn't,,,
125_5_4.json,5008,Dialog,Gotokuji,には答えなかった。,answer his own question.,,,
125_5_4.json,5015,Dialog,Gotokuji,「銛之塚崇を倒す。それが、俺の任務だ」,"Defeat Takashi Morinozuka. That's my
mission.",,,
125_5_4.json,5025,Dialog,Haruhi,「モリ先輩……？」,Mori-senpai...?,,,
125_5_4.json,5026,Dialog,Haruhi,武道場に来てみたけど……、モリ先輩の姿はな,I came to the dojo... but,,,
125_5_4.json,5027,Dialog,Haruhi,かった。,Senpai wasn't there.,,,
125_5_4.json,5033,Dialog,,そのかわり――、豪徳寺さんが立っていた。,"In return--Koudokuji-san was
standing there.",,,
125_5_4.json,5035,Dialog,Haruhi,「……豪徳寺さん、どうしてこんなところに？」,"...Koudokuji-san, why are you here?",,,
125_5_4.json,5036,Dialog,Haruhi,もしかして豪徳寺さんもモリ先輩に……？,"Could you be interested in
Mori-senpai too...?",,,
125_5_4.json,5041,Dialog,Gotokuji,「呼び出したのは俺だ」,I called you here.,,,
125_5_4.json,5043,Dialog,Haruhi,「それじゃあモリ先輩は――」,"So what about you, Mori-senpai--",,,
125_5_4.json,5048,Dialog,Gotokuji,「お前は、銛之塚崇を釣るための【エサ】だ」,"You're just bait to reel in Takashi
Morinozuka.",,,
125_5_4.json,5050,Dialog,Haruhi,「だましたんですね」,You tricked me.,,,
125_5_4.json,5055,Dialog,Gotokuji,「ああ、そうだ」,"Yes, precisely.",,,
125_5_4.json,5058,Dialog,Haruhi,「……自分は、失礼します」,...I'll take my leave.,,,
125_5_4.json,5061,Dialog,Male Student,「残念だけど、帰れないよ」,"Sorry, but you can't go back.",,,
125_5_4.json,5063,Dialog,Haruhi,「あなたは、さっきの……」,What about just now...,,,
125_5_4.json,5065,Dialog,Male Student,「銛之塚が来るまで、いてもらうよ」,Please stay until Kyouya comes.,,,
125_5_4.json,5067,Dialog,Haruhi,「どうして……、こんなことをするんですか？」,Why... are you doing this?,,,
125_5_4.json,5074,Dialog,Gotokuji,「……王龍の命令でな」,...At the king dragon's command.,,,
125_5_4.json,5077,Dialog,Male Student,「なっ、あんた、そのことは――！」,Wh-What about that thing--!,,,
125_5_4.json,5082,Dialog,Gotokuji,「うるさい、黙れ」,"Shut up, be quiet.",,,
125_5_4.json,5092,Dialog,Gotokuji,「ここからは、独り言だ」,"This is where I start mumbling to
myself.",,,
125_5_4.json,5093,Dialog,Gotokuji,豪徳寺さんは、真っ直ぐに自分を見つめてつぶ,Kodokushi looks straight,,,
125_5_4.json,5094,Dialog,Gotokuji,やく。,at me and mutters.,,,
125_5_4.json,5095,Dialog,Gotokuji,はい、と答えるかわりに小さくうなずいて返す。,"Nod in place of answering ""yes.""",,,
125_5_4.json,5100,Dialog,Gotokuji,「すべて、王龍の仕組んだことだ」,It was all planned by King Dragon.,,,
125_5_4.json,5102,Dialog,Gotokuji,「補導の偽装（ぎそう）、知事への働きかけ、,"Deception about guidance, lobbying
the governor,",,,
125_5_4.json,5103,Dialog,Gotokuji,桜蘭内部への扇動（せんどう）……」,inciting trouble within Ouran...,,,
125_5_4.json,5108,Dialog,Gotokuji,「……理由は聞くな。俺には関係ない」,"...Don't ask why. It's none of my
business.",,,
125_5_4.json,5110,Dialog,Haruhi,「……そんなこと、自分に話してもいいんです,...Is it okay to say,,,
125_5_4.json,5111,Dialog,Haruhi,か？」,that to yourself?,,,
125_5_4.json,5120,Dialog,Gotokuji,本当に独り言なのか、豪徳寺さんは自分の問い,Koudokuji-sans didn't answer,,,
125_5_4.json,5121,Dialog,Gotokuji,には答えなかった。,his own question.,,,
125_5_4.json,5128,Dialog,Gotokuji,「銛之塚崇を倒す。それが、俺の任務だ」,"Defeat Mori Takashi. That's my
mission.",,,
125_5_4.json,5138,Dialog,Mori,「……受けて立とう」,Let's accept it.,,,
125_5_4.json,5140,Dialog,Haruhi,「モリ先輩！」,Mori-senpai!,,,
125_5_4.json,5146,Dialog,Haruhi,武道場の扉が開くと、いつもと変わらない様子,The door to the dojo opens and,,,
125_5_4.json,5147,Dialog,,でモリ先輩が入ってきた。,Morisenpai enters as usual.,,,
125_5_4.json,5155,Dialog,Mori,「ハルヒ、無事か？」,"Are you all right, Haruhi?",,,
125_5_4.json,5157,Dialog,Haruhi,「……はい。あの、すみません……」,"...Yes. Um, sorry...",,,
125_5_4.json,5162,Dialog,Mori,「いや、お前は悪くない。……少し下がってい,"No, it's not your fault.",,,
125_5_4.json,5163,Dialog,Mori,てくれ」,...Just back off for now.,,,
125_5_4.json,5175,Dialog,,言いながら、豪徳寺さんの前に立つ。,"Standing in front of Gouda-san as I
speak.",,,
125_5_4.json,5180,Dialog,Gotokuji,「来たな、銛之塚崇……。いくぞ！」,"「You're here, Mori-senpai... Let's
go!」",,,
125_5_4.json,5185,Dialog,Gotokuji,豪徳寺さんの雄たけびと同時に、戦いが始まっ,The fight began with,,,
125_5_4.json,5186,Dialog,Gotokuji,た。,Gouda's battle cry.,,,
125_5_4.json,5187,Dialog,,ヒュッ！,Zing!,,,
125_5_4.json,5188,Dialog,,#Scale[1.4]ドカッ！,#Scale[1.4]Thud!,,,
125_5_4.json,5195,Dialog,Gotokuji,「……やるな！」,「...Nice!」,,,
125_5_4.json,5197,Dialog,Gotokuji,ヒュッ！,Zing!,,,
125_5_4.json,5198,Dialog,Gotokuji,殴り合いと言うよりも、お互いの攻撃を受け流,It's more like dodging each other's,,,
125_5_4.json,5199,Dialog,Gotokuji,す攻防……。,attacks than an all-out brawl...,,,
125_5_4.json,5200,Dialog,Gotokuji,――すごい。テレビで見たことのある格闘技と,"--This is amazing. It's completely
different",,,
125_5_4.json,5201,Dialog,Gotokuji,は、ぜんぜん違う……。,from any fighting I've seen on TV...,,,
125_5_4.json,5202,Dialog,,#Scale[1.4]バキッ！,#Scale[1.4]Crack!,,,
125_5_4.json,5209,Dialog,Gotokuji,「くっ……」,「Gh...」,,,
125_5_4.json,5210,Dialog,Gotokuji,豪徳寺さんに、モリ先輩の攻撃が少しずつ当た,Mori-senpai's attacks start to,,,
125_5_4.json,5211,Dialog,Gotokuji,りはじめていく。,hit Gouda-san little by little.,,,
125_5_4.json,5212,Dialog,Gotokuji,このままなら、モリ先輩が勝てる。そう思った,When I thought Mori-senpai,,,
125_5_4.json,5213,Dialog,Gotokuji,とき――。,would win like this...,,,
125_5_4.json,5216,Dialog,Male Student,「動くなよ」,Don't move.,,,
125_5_4.json,5219,Dialog,Haruhi,「な――！」,「Wah--!」,,,
125_5_4.json,5220,Dialog,Haruhi,ノドもとに、鈍く光るナイフを突きつけられて,A dull knife is pressed,,,
125_5_4.json,5221,Dialog,Haruhi,る……。,to my throat...,,,
125_5_4.json,5223,Dialog,Male Student,「いいか、動くなよ……」,Don't move...,,,
125_5_4.json,5226,Dialog,Haruhi,……自分を人質にする気なんだ。そうしたらモ,"...I'll use myself as bait. That
way,",,,
125_5_4.json,5227,Dialog,Haruhi,リ先輩は身動きができなくなるから……。,Senpai won't be able to move...,,,
125_5_4.json,5228,Dialog,Haruhi,そんなこと……。,I can't believe that...,,,
125_5_4.json,5235,Dialog,Mori,「ハルヒ！」,Haruhi!,,,
125_5_4.json,5240,Dialog,Mori,#Scale[1.4]ドカッ！,#Scale[1.4]Thud!,,,
125_5_4.json,5246,Dialog,,モリ先輩が自分の様子に気づいた瞬間、豪徳寺,Just as Mori-senpai noticed,,,
125_5_4.json,5247,Dialog,,さんの攻撃が当たった。,"me, Houkokuji's attack hit.",,,
125_5_4.json,5249,Dialog,Mori,「…………く」,「......Ku!」,,,
125_5_4.json,5251,Dialog,Haruhi,「モリ先輩っ！」,Mori-senpai!,,,
125_5_4.json,5253,Dialog,Haruhi,がくっと、その場にヒザをつくモリ先輩に駆け,"Just as I was about to run to
Mori-senpai, who had suddenly",,,
125_5_4.json,5254,Dialog,Haruhi,寄ろうとしたとき、ナイフがノドに――。,"dropped to his knees, a knife
stabbed into my throat --",,,
125_5_4.json,5255,Dialog,Haruhi,かしゃ……。,Click...,,,
125_5_4.json,5256,Dialog,Haruhi,突き刺さらなかった。これって……。,I didn't stab him... This means...,,,
125_5_4.json,5258,Dialog,Male Student,「おもちゃだよ、ばーか」,"Dummy, it's just a toy.",,,
125_5_4.json,5265,Dialog,Gotokuji,「バカはおまえだ！」,You're the idiot!,,,
125_5_4.json,5267,Dialog,Male Student,「え？」,Huh?,,,
125_5_4.json,5268,Dialog,Male Student,#Scale[1.4]バキッ！,#Scale[1.4]Crack!,,,
125_5_4.json,5276,Dialog,Gotokuji,「余計な真似を……」,Don't overstep your bounds...,,,
125_5_4.json,5277,Dialog,Gotokuji,怒った豪徳寺さんがさらに男子生徒に歩みよっ,An enraged Goudoushi-san approached,,,
125_5_4.json,5278,Dialog,Gotokuji,た。,another male student.,,,
125_5_4.json,5281,Dialog,Gotokuji,――モリ先輩！,--Mori-senpai!,,,
125_5_4.json,5284,Dialog,Haruhi,「モリ先輩、大丈夫ですか！？」,"Are you okay, Mori-senpai!?",,,
125_5_4.json,5286,Dialog,Mori,「…………ハルヒ、ケガはないのか」,"...Haruhi, are you hurt?",,,
125_5_4.json,5288,Dialog,Haruhi,「ありません。あのナイフはおもちゃだったん,It's not real. That knife,,,
125_5_4.json,5289,Dialog,Haruhi,です」,was just a toy.,,,
125_5_4.json,5291,Dialog,Mori,「……そうか」,...I see.,,,
125_5_4.json,5293,Dialog,Haruhi,「それより……、そのケガ……」,By the way... that injury...,,,
125_5_4.json,5295,Dialog,Mori,「大丈夫だ……」,I'm fine...,,,
125_5_4.json,5296,Dialog,Mori,モリ先輩は……、笑ってる。,Mori-senpai is... smiling.,,,
125_5_4.json,5297,Dialog,Mori,自分を安心させるために、無理に笑ってくれて,She's forcing herself to,,,
125_5_4.json,5298,Dialog,Mori,るんだ……。,smile to calm me down...,,,
125_5_4.json,5303,Dialog,Mori,「……少しかすっただけだ」,Just grazed it...,,,
125_5_4.json,5306,Dialog,Mori,「……問題ない」,...No problem.,,,
125_5_4.json,5309,Dialog,Mori,「そこじゃない」,Not there.,,,
125_5_4.json,5312,Dialog,Mori,「ハルヒが無事なら、それでいい……」,"If Haruhi's safe, that's all
right...",,,
125_5_4.json,5314,Dialog,Mori,肩にそっと触れると……、モリ先輩の表情が優,"When I gently touched his
shoulder... Morisenpai's",,,
125_5_4.json,5315,Dialog,Mori,しい笑みに変わる。,"expression changed to a gentle
smile.",,,
125_5_4.json,5317,Dialog,Mori,「……ハルヒは、悪くない」,"You're not so bad, Haruhi.",,,
125_5_4.json,5319,Dialog,Haruhi,「モリ先輩……」,Mori-senpai...,,,
125_5_4.json,5320,Dialog,Haruhi,どうしてこの人は、こんなに優しいのかな。,Why is this person so kind?,,,
125_5_4.json,5321,Dialog,Haruhi,自分がだまされて、人質にとられたせいで怪,I got hurt because I was tricked,,,
125_5_4.json,5322,Dialog,Haruhi,我をしてしまったのに……。,and taken hostage...,,,
125_5_4.json,5323,Dialog,Haruhi,どうしてと言いかけたとき――。,Just as I was about to ask why--.,,,
125_5_4.json,5331,Dialog,Tamaki,「ハルヒ！　モリ先輩！」,Haruhi! Mori-senpai!,,,
125_5_4.json,5346,Dialog,Hikaru & Kaoru,「ハルヒ！」,Haruhi!,,,
125_5_4.json,5347,Dialog,Hikaru & Kaoru,みんなが、武道場に駆け込んできた。,Everyone rushed into the dojo.,,,
125_5_4.json,5361,Dialog,Kyoya,「……豪徳寺君、すべて話してもらえますね」,"Koudokuji-kun, can you tell me
everything?",,,
125_5_4.json,5366,Dialog,Gotokuji,「ああ……」,Oh...,,,
125_5_4.json,5374,Dialog,Tamaki,「それでは、部室のほうへ」,Then let's head to the club room.,,,
125_5_4.json,5377,Dialog,Tamaki,豪徳寺さんは静かにうなずくと、気絶している,Kodokushi-san quietly nodded and,,,
125_5_4.json,5378,Dialog,Tamaki,人を担ぎ上げて、さっさと武道場から出て行っ,"picked up the unconscious person,",,,
125_5_4.json,5379,Dialog,Tamaki,た。,then quickly left the dojo.,,,
125_5_4.json,5391,Dialog,Kyoya,「環は豪徳寺君について部室へ。光と馨は、モ,"Tamaki, go to the clubroom with
Gokurakuboji-kun. Hikaru",,,
125_5_4.json,5392,Dialog,Kyoya,リ先輩を保健室へ」,"and Kaoru, take Mori-senpai to the
infirmary.",,,
125_5_4.json,5397,Dialog,Tamaki,「ああ、わかった。ハルヒ、またあとでな」,"Got it. See you later, Haruhi.",,,
125_5_4.json,5413,Dialog,Hikaru & Kaoru,「はーーーーーーーーーーーい！」,「HAAAAAAAAAAAAAAAII!」,,,
125_5_4.json,5423,Dialog,Honey,「僕もお手伝いする」,I'll help too.,,,
125_5_4.json,5425,Dialog,Mori,「あ」,Ah.,,,
125_5_4.json,5427,Dialog,Mori,ヒュイーーン……。,Swoosh...,,,
125_5_4.json,5429,Dialog,Mori,連れて行かれちゃった。,I was taken away.,,,
125_5_4.json,5430,Dialog,Mori,武道場に取り残されたのは自分だけだ。,I'm the only one left in the dojo.,,,
125_5_4.json,5431,Dialog,Mori,えっと……。とりあえず、豪徳寺さんが自分に,"Um... Well, if you tell everyone",,,
125_5_4.json,5432,Dialog,,した話をみんなにしてくれれば、何もかも解決,"what Hou-toku-ji-san did to me,",,,
125_5_4.json,5433,Dialog,,していけるはずだから……。,everything should be solved...,,,
125_5_4.json,5434,Dialog,,この大騒ぎはおしまいっていうことでいいのか,Is this the end of,,,
125_5_4.json,5435,Dialog,,な？,all the commotion?,,,
125_5_4.json,5436,Dialog,,――いいんだよね。,--It's fine.,,,
125_5_4.json,5443,Dialog,Kyoya,「ハルヒ、何をしている。モリ先輩の看病はお,"Haruhi, what are you doing? Taking",,,
125_5_4.json,5444,Dialog,Kyoya,前の役目だろう」,care of Mori-senpai is your job.,,,
125_5_4.json,5447,Dialog,Haruhi,「あ、はい。今行きます！」,「O-Okay! I'm coming right now!」,,,
125_5_4.json,5448,Dialog,Haruhi,いろいろあったけど――、また元通りの毎日が,"Things have been crazy... but
everything",,,
125_5_4.json,5449,Dialog,Haruhi,かえってくるんだ。,will go back to normal.,,,
125_5_4.json,5455,Dialog,,今日はとんでもない１日だったな……。,What a crazy day today was...,,,
125_5_4.json,5456,Dialog,,でも、ホスト部に問題がないことの証拠はそろっ,"But we've got all the evidence to
prove that there's nothing wrong
with the Host Club.",,,
125_5_4.json,5457,Dialog,,たから……。,treasure...,,,
125_5_4.json,5458,Dialog,,ホスト部の活動停止もおしまい――。,"The Host Club's suspension is
over--.",,,
125_5_4.json,5459,Dialog,,今日は勉強しないで早く寝よう。また忙しくな,"Let's skip studying today and go to
bed early.",,,
125_5_4.json,5460,Dialog,,りそうだしね。,"We're probably going to be busy
again tomorrow.",,,
125_5_4.json,5461,Dialog,,あ、パソコンのチェックは忘れないようにして,"Oh, don't forget to",,,
125_5_4.json,5462,Dialog,,おかないと。,check the computer.,,,
125_5_4.json,5472,Dialog,,……そういえば。今日は７日だから、あの日か,"...Oh yeah. Today's the seventh, so
it's",,,
125_5_4.json,5473,Dialog,,らちょうど１ヶ月。,"been exactly one month since that
day.",,,
125_5_4.json,5474,Dialog,,予想していた通り、８００万円の返済はできて,"As expected, they haven't been able",,,
125_5_4.json,5475,Dialog,,いない。,to pay back the 8 million yen.,,,
125_5_4.json,5476,Dialog,,いろいろあったこともあるけど……、それは理,Even though a lot has happened...,,,
125_5_4.json,5477,Dialog,,由にならないんだろうと思う。,I don't think that's an excuse.,,,
125_5_4.json,5478,Dialog,,とりあえず、地道に返していけばいいよね。う,"Alright, I'll just pay it back bit
by bit. Yeah...",,,
125_5_4.json,5479,Dialog,,ん。明日から、またがんばろう。,"Starting tomorrow, I'll work hard
again.",,,
125_5_4.json,5484,Dialog,,……そういえば。今日は７日だから、あの日か,"...Oh yeah. Today's the seventh, so
it's",,,
125_5_4.json,5485,Dialog,,らちょうど１ヶ月。,"been exactly one month since that
day.",,,
125_5_4.json,5486,Dialog,,あの日おわされた借金は……。,"The debt that was settled on that
day...",,,
125_5_4.json,5487,Dialog,,……あれ？　……返済できてる。,"...Huh? ...I've already paid it
back.",,,
125_5_4.json,5490,Dialog,,えーっと……。,Um...,,,
125_5_4.json,5491,Dialog,,何かの間違いかもしれないから、明日もう１度,Maybe it's a mistake. Let's,,,
125_5_4.json,5492,Dialog,,確認してみよう。,check again tomorrow.,,,
125_5_4.json,5493,Dialog,,うん。今日は疲れてるから、もう寝よう。,"Yeah. I'm tired today, so let's go
to bed.",,,
